text,type
"super thala, good explanation. easy to understand",tanglish
Print (c) kodu thala,tanglish
Bro very very thanks Anna. Monday exam na so thanks na nalla solli thanthinga ЁЯЩПЁЯЩПЁЯЩП,tanglish
Unga page la than python learn panre anna...nalla understand aaguthuЁЯШКivlo naal unga page enaku theriyama poche nu regret panren ipo...romba thanks first time nana purinju program potathu unga page la learn panni than thanks тЭд,tanglish
bro nanga program wrtie pandramari question and answer kodutha nalla irukkum,tanglish
родро▓рпИро╡ро╛...vera level ninga...тЭдтЭд,tamil_english
@GayathriK-wd9pi┬а python nu pota varuma,tanglish
Thanks ЁЯе░ЁЯе░anna ippo ennaku clear ah purithu,tanglish
роирпА родро╛ройрпНроЯро╛ teacher uh ЁЯТе,tamil_english
Romba easya solli thandhiga bro thank you so much....ЁЯШК Ongala mai oru sir scl la IT solli thara irundha ellarume nalla easya doubts illama padippaga....тЭд,tanglish
"thala romba nandri nalaa sollitharinga hats off

ЁЯФеЁЯФеЁЯФеЁЯФеЁЯФе",tanglish
"Thanks bro.  Clear teaching, made python as easy to everybody.  ро╡ро╛ро┤рпНроХ ро╡ро│роорпБроЯройрпН",tamil_english
"Thanks Anna.
Anna computer basic only explain Anna next vedio",tanglish
Thanks anna ЁЯШК,tanglish
Thanks annaтЭд,tanglish
Thanks anna,tanglish
Nandri thala.,tanglish
Anna romba thanks Anna ЁЯЩПЁЯЩПЁЯЩПЁЯЩП,tanglish
Thanks Anna u r really great,tanglish
Na iruka thalaЁЯШВ,tanglish
Thanks Anna..it is very useful to me...I learn python clearly from your video..,tanglish
Thanks Anna it's very helpful,tanglish
"Intha channel  teaching nalla irukaa bro

Na innum pakala   ipothan start panirken",tanglish
"@AxleFreeky-ko2jx┬а and its sum bro, question nalla read pannunga",tanglish
"Thambi... Am 42 and i have no idea about any programming language... But the way u teach is like "" cha...python роЗро╡рпНро╡ро│ро╡рпБ родро╛рой ""ЁЯШВЁЯдгSuper bro... Let me know if you need any support to develop your channel to next level.. Ill help you. ЁЯдЧЁЯШШЁЯШШdo u have any institute bro??shall we start an institute thambi... Am up for itЁЯСНЁЯСНlet me know.",tamil_english
Vanakkam thalaЁЯШвЁЯШвЁЯШВЁЯШВЁЯШВ,tanglish
роЪрпВрокрпНрокро░рпН рокрпНро░рпЛ very usefull,tamil_english
"Thanks Anna  clearly explained python language learned 
How to create a project using python  ideas  video podunga anna.",tanglish
"@allroundermathavan5299┬а Haa bro, basic nalla purinchithu...ЁЯСН",tanglish
Super sir,tanglish
"Thalaiva....
Vera maari semmaya iruku
After finishing what to do thala?? ЁЯШв",tanglish
Python рокроЯро┐роХрпНроХ роорпБродро▓рпН роОройрпНрой рокроЯро┐роХрпНроХ ро╡рпЗрогрпНроЯрпБроорпН  роХрогро┐родроорпН роХро▒рпНро▒ро╡ро░рпНроХро│ро╛ python рокроЯро┐роХрпНроХ роорпБроЯро┐ропрпБроорпН,tamil_english
Best chennal роирпАроЩрпНроХ родро╛ройрпН bro родрпЖро│ро┐ро╡ро╛ роЪрпКро▓рпНро▓рпБро▒ро┐роЩрпНроХ тЭдя╕ПтЭдя╕П,tamil_english
bro idha software windows 8.1 ku varuma?,tanglish
Super bro роОро▓рпНро▓рпЛро░рпБроХрпНроХрпБроорпЗ  рокрпБро░ро┐ропрпБроорпН рокроЯро┐ рооро┐роХродрпН родрпЖро│ро┐ро╡ро╛ роиро┐ро▒рпБродрпНродро┐ роиро┐родро╛ройрооро╛роХ роЪрпКро▓рпНро▓ро┐роХрпН роХрпКроЯрпБроХрпНроХро┐ро▒рпАро░рпНроХро│рпН ЁЯСНЁЯСН,tamil_english
Thanks AnnaтЭд,tanglish
Thanks Anna !!! I learnt lot of things about html and am eager to learn more things тЬи,tanglish
тАЛ┬а@ErrorMakesClever┬а bro ivolo fast ah poringaley but okay than innu konjam slow pona nalla irukumЁЯШБ,tanglish
"Bro Nan bsc 2017 la mutichen
Ana ithunvaraikum Nan program try pannathu illa yenaku varathunu vittuten 

Namum pakkatha work illa ippo load man work poitu iruken poitu vanthu onga class than papen

En mapla onga video anupi itha pathu katthukitta pothum work kitachirunu sonnan 

Ninga super bro rompa nalla purira mathiri nalla teach panringa bro 

Thank you so much bro
  html kathukiten next css pakka poren",tanglish
Thanks anna.. тЬи,tanglish
@ErrorMakesClever┬а роЙроЩрпНроХро│рпН роЪрпЗро╡рпИ роороХродрпНродро╛ройродрпБ родрпКроЯро░рпНроирпНродрпБ ро╡рпЖро▒рпНро▒ро┐ рокрпЖро▒рпНро▒ роОройрпН рооройрооро╛ро░рпНроирпНрод ро╡ро╛ро┤рпНродрпНродрпБроХрпНроХро│рпН,tamil_english
bro really vera level bro . unga vedios pataley coding patti nalla knowledge kidaikudu bro,tanglish
Thanks Anna it's very helpful ЁЯШЗ,tanglish
Superb thalaЁЯОЙ,tanglish
Usefull this video in poor knowledge student I am also and very lot of thanks annaЁЯСН,tanglish
Super explanation bro тЬитЭд nalla crystal clear aa soninga,tanglish
Very very thanks annaтЭд,tanglish
Thanks annaтЭд,tanglish
bro u vidos partha nalla irunthikku,tanglish
Romba thanks annaтЭдтЭд,tanglish
nalla clear ah solli thariga ...easily i got understand. thank you brooo,tanglish
Evlo Nalla explaination ku thanks bro,tanglish
Thanks for this video annaтЭдтЭдтЭдтЭдтЭдтЭд,tanglish
Bro website ku potamaariye.... application nu epdi built panrathunu oru video podunga bro....unga video la nalla understand aguthu bro,tanglish
"Awesome tutorial bro. Innum konjam nerya content pathi solli irukkalam bro...but....sonna contents ah pakkava super and clear ah soneenga, romba thanks broтЭдЁЯОЙЁЯШК  Innum irukka html contents ah 2nd part ah kodutheenga na nalla irukkum. Anyways, hats-off broЁЯлбЁЯСМ",tanglish
тЭдроЗроирпНрод YouTube рокроХрпНроХродрпНродрпИ родрпКроЯро░рпБроорпН роирпАроЩрпНроХро│рпН рооро┐роХро╡рпБроорпН роХрпКроЯрпБродрпНродрпБро╡рпИродрпНродро╡ро░рпНроХро│рпН. роЪро░ро┐ропро╛рой роЖроЪро┐ро░ро┐ропро░рпИ родрпЗро░рпНроирпНродрпЖроЯрпБродрпНродро┐ро░рпБроХрпНроХро┐ро▒рпАро░рпНроХро│рпНЁЯСМ. роЗроирпНрод ро╡ро╛ропрпНрокрпНрокрпИ рокропройрпНрокроЯрпБродрпНродро┐ роиройрпНро▒ро╛роХ роХро╡ройро┐родрпНродрпБ рокроЯро┐ропрпБроЩрпНроХро│рпН. рокропройрпНрокрпЖро▒рпБроЩрпНроХро│рпН. ро╡ро╛ро┤рпНроХрпИропро┐ро▓рпН роорпБройрпНройрпЗро▒рпБроЩрпНроХро│рпН. ро╡ро╛ро┤рпНродрпНродрпБроХрпНроХро│рпН ЁЯТР,tamil_english
very useful sir.....react js videos upload panna nalla irukum....the way u explain everything makes even easier ...:face-red-heart-shape::face-red-heart-shape:,tanglish
thanks anna,tanglish
Hello bro fulla paathen nalla vea understand aachi thnks for upld this viedo  nd oru req bro konja fast aa pora maari iruku yethuku sollren na oru program type pannitu athu enna fulla paakurthukulla web page la refresh panni paapom poiringa total video duration 1 hr 39 min but naa replay panni replay panni 2 hr meala paathurupen ithu sollanum thonuchi avlo than  intha comment aa paapingala therila sollanum thonuchi,tanglish
Onga teaching nalla understand aaguthu ЁЯШК,tanglish
Vera level thala,tanglish
Thanks annaтЭд,tanglish
"Thank you soo much Anna.... Prefect Explanation and ninga solla solla naanum try pannathala proper ah yellam understand pannika mudinchathu, Thanks a lot Anna...",tanglish
"THANKS A LOT BRO
it was a very useful tutorail to me bro,but pls teach the entire front end developing courses...CSS ,BOOTSTRAP, JAVA SCRIPT, REACT JS..
ennodaya career ku useful aah irukum...na oru confusion la irunthan antha field porathu nu but neega ippadi nalla theliva solli kudukurapa front developer aagulam nu idea kidachuthu...so pls consider my request bro & pls put the videos which all i have asked for...THANK YOU",tanglish
Unga teaching super ah iruku bro unga kita online la full stack developer course pananum iruntha but single payment tha pananum solranga bro 2 installment kodutha rompa nalla irukum bro na la house wife irunthutu panra full payment konjam kastam bro,tanglish
"Bruh PPT konjam pota nalla irukom 
Download panni reference vachu pom",tanglish
Thanks you soo much bro romba cleara soli taringa ЁЯе░iniku  Fullstack development la 1st nal bro romba nalla understand ayichu,tanglish
Thanks anna,tanglish
"Anna neenga teach pandradhu nalla puriyuthu.
So,plz java programming language um videos pottunga",tanglish
Thala thala vera level,tanglish
Thanks Bro romba nalla solli kudukingra,tanglish
vera marii thala,tanglish
Thala maja va solli thara! athey mari PHP kum oru video potu vidu thala,tanglish
Arjun das javascript роЪрпКро▓рпНро▓ро┐роХрпБроЯрпБродрпНрод роЗрокрпНрокроЯро┐родрпНродро╛ройрпН роЗро░рпБроХрпНроХрпБроорпН...,tamil_english
Nan innum college je join panala bro but unga videos path tha skills develope panuren.. elame nalla easy ya puriyutha mari iruku bro.. thank you..,tanglish
React js angular js ellam pota nalla irukum bruh,tanglish
Thala na python 9 hrs video va 9 masama 6 mani tha paathurukken ethalaam enga poi silla ЁЯШВЁЯШВЁЯШВ,tanglish
Super explanation thank you sir..,tanglish
thanks anna,tanglish
роиро╛ройрпН exam роорпБроЯро┐роЪрпНроЪро┐роЯрпНроЯрпБ ро╡рпАроЯрпНроЯрпБро▓ free ропро╛ родро╛ройрпН роЗро░рпБроХрпНроХройрпН. роОройроХрпНроХро┐ роОройрпНрой роЪрпЖропрпНро▒ роОрогрпНроЯрпБ ро╡ро┐ро│роЩрпНроХрпБродрпБ роЗро▓рпНро▓. Web development роЪрпЖропрпНро▒родрпБроХрпНроХрпБ ро╡ро┐ро░рпБрокрпНрокроорпН but  future la work роЗро░рпБроХрпНроХро╛ ? роЗродрпБ роиро▓рпНро▓рооро╛?,tamil_english
@internezycommunity┬а ok bro thanks ЁЯСН but unga way of explaining is enaku romba nalla ithu i like it,tanglish
1:05:55 роЪрпЖроорпНроо explanation,tamil_english
Yow mid night 3 maniku pakren indha video va semma interesting and not bore and so informative.... Vera level thala nee.... ЁЯШЕ,tanglish
Anna semaiya teach panriha na...neha new app build pani nalla samparihala try panuha....i like this javascript because ur teaching very well ..sema interest ha iruku ...tq anna,tanglish
Bro antha student form try pani parthen crt ahh varala konjam reference iruntha nalla irukum,tanglish
ропро╛ро░рпЖро▓рпНро▓ро╛роорпН  JAVA ро╡рпАроЯро┐ропрпЛропрпБроХрпНроХро╛роХ роХродрпНродро┐ро░рпБроХрпНроХро┐роЩрпНроХ,tamil_english
Thanks anna ЁЯШКЁЯШК,tanglish
Thala next react js pls,tanglish
"Dheivamae apdiyae React js um,php um potina nalla irukum...",tanglish
Python model questions konjam potta nalla erukkum,tanglish
"Anna nenga irukarathu nalla yenaku romba romba easya html css js kathukitta romba romba thanks
And finally last request anna c & c++
Video poduvigala",tanglish
Java programming matum podala .ЁЯШв Adhum potta nalla irukum,tanglish
Unga python video enaku romba nalla understand achi.. thanx a lot. Nan 3000 pay panni python padichen apa kuda enaku ivlo puriyala. Ipa rombaaaaaaaaaaaaaaaaaaaaaaaaaaaaaa easy a understand achi.. next python advance podunga bro,tanglish
Most awaited video bro adpiye angular js um potta nalla irukum,tanglish
TQ thala,tanglish
Thanks anna,tanglish
"Anna Thank You So much Anna now I completely understood how to make perfect resume 
Thanks a lot AnnaЁЯЩПЁЯЩПЁЯЩПЁЯЩВ",tanglish
Kadavule ЁЯЩПЁЯП╗тЭд ipothan konjam nimmathiya iruku. Nalla puriyara maathiri solreenga bro. Romba nandri ЁЯЩПЁЯП╗тЭдen deivame.,tanglish
Thanks so much anna for giving use Full video тЭд,tanglish
Indha file link kudutha  nalla irukum ЁЯЩВ,tanglish
Bro na automobile engineering finish panniruken 2yrs experience iruku design certified agiruken but ennoda ah resume eppdi panna nalla irukum slunga,tanglish
Anna unga Ella  videos um vera level ha irukku Anna... romba thanks Anna...I have a lot of information for your video bro .... thankyou so much bro...тЬи,tanglish
Pakka thala,tanglish
Mechanical Engineer Kki Intha Mathiri Skills Project lam yappadi podalam nu oru idea kudutha nalla irukkum bro ЁЯе▓,tanglish
thanks anna .. intha video rombave useful-la irunthuchu.. ЁЯШЗ,tanglish
роиро┐роЬрооро╛роХро╡рпЗ super brother,tamil_english
Thanks You so much Anna... your best,tanglish
Jii subscribe pannite ji... Ippo dha resume thedune neengale vandhutinge... Nandri thalaЁЯОЙ,tanglish
Very superЁЯСМexplanation of resume making .I well learned ЁЯСНThank you Sir,tanglish
Thanks Anna its useful to prepare resume myself ЁЯШК,tanglish
Super explain  video thank you  sir,tanglish
Excel ku nalla Tamil channel sollungo bro,tanglish
Super sir ЁЯСНЁЯП╗well explained .You have cleared doubts of a student about jobs in a good manner,tanglish
Thanks Anna... ЁЯе░,tanglish
Ellarum template soldrangale thavira ipdi yaarum make panni kaatunathilla bro...ipo ungalodatha paathu thn enakku nalla purinjithu...Thank you so much for this video ЁЯТе,tanglish
Bro python series madri java Kum poduga romba helpful ahh irukum or nalla youtube channel sollunga bro indha video la solli iruka madri,tanglish
"unna naaa engaiyo pathuruken ..
itha koral ah nalla kturuken....
 un name enna??
PDKT ah neee???
jaxio, mounzion schl ,neeethanea athu???",tanglish
Bro romba thanks unga video romba useful ahh irukku naa eppovume yosippen eppadi oru vishiyam seiradhu nu adhukku oru nalla tutorial video irundha nalla irukkum nu yosikkum bodhu correct ahh notification varum unga channel la irundhu neenga correct ana time la correct ahh videos podringa unga dedication and hardwork kandippa succes kudukkum and engala pola college students Kum romba helpful ahh irukku romba thanks bro..тЭд,tanglish
Anna... How to download this resume or else oru nalla free online resume template downloader sollungaa..тЭдя╕ПтАНЁЯй╣,tanglish
Romab nalla performance panringe sir,tanglish
"Matha youtubera own content ku padila promotions, podcast ellam pannuvaanga neegalum kalakunga thala. Waiting for biggest comeback
First podcast Thalapathy Vijay Kooda venumтЭдя╕П",tanglish
Unga Channel Laya Kooda Views poona Oru Video idhu. Idhu poola Nalla bass boosted prty song 3 month ku oruka own write panni poofunga video simple. You have a talent about information. World is shortтЭМ. World is bigтЬЕ,tanglish
"Intha song na kekum pothu my mind
1st time - nalla thaan irukuЁЯе░ЁЯдй
2nd time - vera levelЁЯТе
3rd time - addictedтЭд
MGЁЯЦЦ",tanglish
Super thala,tanglish
2023 may  today 31 by time traveler nalla than erukku,tanglish
Thala ЁЯФе,tanglish
Thala nee tha next chief Minister,tanglish
Hi thala song vera level,tanglish
Nallave illa thala ЁЯдо,tanglish
Dailyum intha songa kekuran ana song konjam perusu iruntha innum nalla irukum,tanglish
Bro comdy a irunthalum .nalla point irukura song bro .semma,tanglish
Thala vera level ponga ЁЯСМЁЯдгЁЯШНтЭдя╕П,tanglish
Yarllam Instagram la reals рокро╛ро░рпНродрпНродрпБроЯрпНроЯрпБ one year роЖроХро┐роЯрпНроЯро╛ роЗро▓рпНро▓рпИропро╛ройрпНройрпБ рокро╛роХрпНроХ ро╡роирпНродро┐роЩрпНроХ ЁЯШДЁЯШБЁЯШБЁЯШБ,tamil_english
Ipo thaan pakuren semma peppy ya iruku thala,tanglish
Vera level thala,tanglish
"ро╡роЪройроорпН  mari iruku bro song,",tamil_english
Podra thala,tanglish
Nalla ketta dhanush voice ЁЯШШЁЯШШvera marriЁЯе│,tanglish
@ 0:2 to 0:8 Jolly ho jymkano paatil varum music роР munbae kanithar mg vro,tamil_english
Vera mari thalaЁЯе│ЁЯе│ЁЯе│ЁЯе│ЁЯе│ЁЯе│ЁЯе│ЁЯе│ЁЯе│,tanglish
2.52  vera level thala,tanglish
THALAIVA NE EPPOME VERA LEVEL SUPPER THALA,tanglish
Congrats thala for 6million you grow more bigger,tanglish
Enna thala ippatei erankita,tanglish
рооро╛ро╕рпН bro,tamil_english
"роОройрпНрой рооро╛ро░ро┐ роТро░рпБ роЪро┐ройрпНрой
youtuberроХрпНроХрпБ роЙроЩрпНроХ роЖродро░ро╡рпБ
родро╛роЩрпНроХро│рпН pls........ЁЯШгЁЯШгЁЯШеЁЯШУЁЯШнЁЯШнЁЯШн",tamil_english
"роОройрпНрой рооро╛ро░ро┐ роТро░рпБ роЪро┐ройрпНрой
youtuberроХрпНроХрпБ роЙроЩрпНроХ роЖродро░ро╡рпБ
родро╛роЩрпНроХро│рпН pls........ЁЯШгЁЯШгЁЯШеЁЯШУЁЯШнЁЯШнЁЯШн",tamil_english
"роОройрпНрой рооро╛ро░ро┐ роТро░рпБ роЪро┐ройрпНрой
youtuberроХрпНроХрпБ роЙроЩрпНроХ роЖродро░ро╡рпБ
родро╛роЩрпНроХро│рпН pls........ЁЯШгЁЯШгЁЯШеЁЯШУЁЯШнЁЯШнЁЯШн",tamil_english
родро▓рпИро╡ро╛... Caller tune ро▓ роЗро▓рпНро▓ родро▓рпИро╡ро╛... роЙройрпН рокро╛роЯрпНроЯрпБ... ро╡рпЗрогрпБроорпН родро▓рпИро╡ро╛.. ро╡рпЗрогрпБроорпН... роЙройрпН рокро╛роЯрпНроЯрпБ caller tune ро▓ ро╡рпЗрогрпБроорпН..,tamil_english
роХроЯрпИроЪро┐ро▓..роородройрпН..роТро░рпБ..роироЯро┐роХройрпН..роЕроорпНрокрпБроЯрпНроЯрпБродро╛...роЗроирпНрод..рокро╛роЯрпНроЯрпБро▓..ро╡ро░рпНро░..роТро░рпБ..ро▓рпИропро┐рой...рокрпКропрпНропро╛роХро┐роЯрпНроЯро╛ро░рпБ...роироорпНроо..MG...ро╕ро╛ро░ро┐...ро▓ро╡рпНро╡ро░рпН..рокро╛ропрпН....MG ЁЯШМ,tamil_english
роЗроирпНрод рокро╛роЯрпНроЯрпИ рокро╛роЯро┐ропрпЗ EX ah again crct pannitiyae madhan uh .. ANYWAYS HAPPY MARRIED LYF in advance ЁЯШАЁЯШМЁЯШДЁЯдР,tamil_english
Vera Mari thala,tanglish
Bro роирпАроЩрпНроХ роЗро╡рпНро│рпЛ рокрпЖро░ро┐роп singer nu роЗрокрпНрокродро╛ройрпН родрпЖро░ро┐ропрпБроорпНЁЯШЙЁЯШЕЁЯШВЁЯШЖSuper bro joe biden and elon musk will hear that time both will die ЁЯШВЁЯШВЁЯШВЁЯШВЁЯШВ,tamil_english
Bro thala sama vara mari epdi thalaiva endha rhyming,tanglish
Yana thala padupada erangida,tanglish
Summavum solla mattan bro nalla irukkendu.nalla illa bro,tanglish
Super thala,tanglish
Super thala,tanglish
Nalla thumbnail vaiga bro,tanglish
Nalla thumbnail vaiga bro,tanglish
Nalla thumbnail vaiga beo,tanglish
Nalla thumbnail vaiga bro,tanglish
Inna thala.... Vera levelтЭдя╕ПЁЯСМ,tanglish
Thala  lyrics is super,tanglish
Vera level thala,tanglish
Konjam overacting less panna nalla irukum bro,tanglish
ЁЯШВЁЯШВЁЯШВ nalla irunthuthu anna,tanglish
Innah thalaЁЯдиЁЯдн,tanglish
Ivvaru Yeppa Ippadi рооро╛ро▒рпБройро╛ро░рпБ,tamil_english
"Musk ku phone pannata 
Musk eh ungalauku reply pannitaru thalaЁЯШОЁЯШОЁЯФеЁЯФеЁЯФе",tanglish
Thala super,tanglish
STD - ройрпНройро╛ varalaru dhaanaa..ЁЯдгЁЯдг,tamil_english
Bro song nalla irrukuЁЯШБ,tanglish
Va thala,tanglish
Nalla illa,tanglish
Semma thala ЁЯТХ,tanglish
Nice thala,tanglish
Nalla paduuuЁЯШДЁЯШДЁЯШДЁЯдгЁЯдг,tanglish
"Madan anna semayaa pesuvinga avalavu supera nalla remarks, apo eduku intha paatu, thevaye illa parunga 21 k dislikes including me, vendaam anna unga theramaya veen pannidaadinga",tanglish
1:08 thala Vera maari danceu ЁЯдгЁЯдг,tanglish
Super MGЁЯШН hero va role panna nalla irukumЁЯдк,tanglish
Indha paata 2xla patha sema comediya iruku but nalla iruku,tanglish
Madan Gowri  родрооро┐ро┤рпНроиро╛роЯрпНроЯро┐ро▓рпН роироЯроирпНродрпБ роХрпКрогрпНроЯрпБропро┐ро░рпБроХрпНроХрпБроорпН роЪро┐ро▓рпИ роХроЯродрпНродро▓рпН рокро▒рпНро▒ро┐ рокрпЗроЪрпБроЩрпНроХро│рпН,tamil_english
Hi nice info.Hacking pathi pesuna nalla iruku and awareness romba important illaya neenga sonna camera visyam already news channel la pathuruken. So camera epdi handle panrathu and photograph selfies pathi pesunga becoz nowadays intha visyam than trend la iruku and I want to share many things to u but I don't know  how so na sonnathu useful ah irukum nu namburen,tanglish
"Madan Gowri роЪроХрпЛ,  родропро╡рпБроЪрпЖропрпНродрпБ  ро╣рпБро▓ро░рпН рокро╛ро╕рпНроХро░рпН роЕро╡ро░рпНроХро│рпН рокро▒рпНро▒ро┐ рокрпЗроЪрпБроЩрпНроХ",tamil_english
"Madan Gowri роЪроХрпЛ,  родропро╡рпБроЪрпЖропрпНродрпБ  ро╣рпБро▓ро░рпН рокро╛ро╕рпНроХро░рпН роЕро╡ро░рпНроХро│рпН рокро▒рпНро▒ро┐ рокрпЗроЪрпБроЩрпНроХ",tamil_english
Madan Gowri bro whatsappla link Mari varuma bro,tanglish
Nalla tahavalhalukku nanrihal ithumathiri innum nalla tahavalhai podanum suvarashyama tahavalhalum podanu ennudaiya manmartha nanrihal тЭдтЭдтЭдтЭдтЭдтЭдтЭдтЭдтЭдтЭдтЭдтЭдтЭдтЭдтЭдтЭдтЭдтЭдтЭдтЭд,tanglish
рокрпЗропрпН story sollunga anna,tamil_english
"ЁЯСИрокрпВрооро┐ропрпИ роХро╛рокрпНрокро╛ро▒рпНро▒ роТро░рпЗ роТро░рпБ ро╡ро┤ро┐родро╛ройрпН !
See this topic vdoЁЯСЖ in my channel...and give your feedback friends",tamil_english
"Bro, intha kaari thaan bro news la phone Ku passants addict aavuraanga роЪрпКройрпНройро╛роЩрпНроХ bro. Athan enga parents рокро╛родро╛роЩрпНроХ. Ennaku music na interest so music vechu oru YouTube channel aarambichan AANA  one day Ku 4 to 5 hours use рокрогрпНрогродро╛ро│ , naan eppa рокро╛родро▓рпБроорпН phone use pandran naan phone addict nu solli solli kastapaduthuraanga ЁЯШФЁЯШФЁЯШФЁЯе║ роЕродрпБройро╛ро▓ роиро╛ройрпН create Panna YouTube channel ро▓рпЗ delete pannitan роЖройро╛ро▓рпБроорпН роЗрокрпНрокро╡рпБроорпН phone eddutha odaney Enna phone addict nu роЪрпКро▓рпНро▓рпБро▒ро╛роЩрпНроХЁЯШнЁЯШнЁЯШнЁЯШн.music роорпЖро▓ роЗро░рпБроирпНрод interest роЯрпИ рокрпВроЯрпБроорпН рокрпЛро▓. роОройрпНрой рокрогрпНро▒родрпБ bro . Neenga paapingalanu theriyala paatha naan роЪроирпНродрпЛро╖рокрпН рокро╛роЯрпБро╡рпЗройрпН. роиро╛ройрпН YouTube channel aarambichuday enga Amma phone ро▓ родро╛ройрпН роОройрпНройроХрпБройрпБ phone роХрпЗроХро▓ bro, ЁЯШнЁЯШнЁЯШн",tamil_english
2023 ропро╛ро░ро╛ро╡родрпБ рокро╛родрпНродрпБроЯрпБ erukkingala,tamil_english
Thanks anna,tanglish
2023 роЗро▓рпН ропро╛ро░рпЖро▓рпНро▓ро╛роорпН роЗроирпНрод video рокро╛роХрпНроХрпБро▒ро┐роЩрпНроХ?,tamil_english
"роОроирпНрод роорпВроЮрпНроЪро┐роп ро╡роЪрпНроЪро┐роХрпНроХро┐роЯрпНроЯрпБ
MOMO роЗроирпНрод рооро╛родро┐ро░ро┐ ро╡рпЗро▓рпИропрпЖро▓рпНро▓ро╛роорпН  рокрогрпНрогрпБродрпБ  ???",tamil_english
Haii ЁЯШАthala тЭдя╕П,tanglish
Thanks anna,tanglish
I'm share my friends anna thanks anna,tanglish
ANNA THANKS ANNA NOW I AM AWARENESS,tanglish
роЗройрпН india,tamil_english
Very usful bro very thank you bro neega nalla erukkunum bro i love you broтЭдЁЯШШ,tanglish
O no how we роХро╛рокрпНрокро╛родрпНродрпБ,tamil_english
Momo our ghost  роЖ,tamil_english
11 year роЕрогрпНрогро╛ ЁЯШФЁЯШФ,tamil_english
bathroom song itha video va vida  adigama views varuma ?,tanglish
Thank you роЕройрпНройро╛,tamil_english
Hi thala,tanglish
Hi thala,tanglish
"ENNAKU MOMO NUMBER KODU BRO 

NA POI PROPOSE PANNARAN 

DP VERA LVL роЕро▓роХрпБ 

I love you momo тЭдя╕П",tamil_english
Thanks for your care annaЁЯША,tanglish
"роОрокрпНрокроЯро┐ роородройрпН.
рокро┐ро│рпНро│рпИроХро│рпН, passward рокрпЛроЯрпНроЯрпБ ро▓ро╛роХрпН рокрогрпНрогро┐ ро╡роЪрпНроЪро┐ро░рпБроХрпНроХро╛роЩрпН роХ.
роорпАро▒ро┐ роХрпЗроЯрпНроЯро╛ро▓рпН рокро┐ро░рпИро╡роЪро┐,
Freedom роЗро▓рпНро▓ро┐ропро╛, роХрпЛрокроорпН, роЖрооро╛ роЕрокрпНрокроЯро┐родро╛ройрпН роОройрпНроХро┐ро▒ро╛ро░рпНроХро│рпН.
Recharge рокрогрпНрогро╛рооро▓рпН роЗро░рпБроХрпНроХро╡рпБроорпН роорпБроЯро┐ро╡родро┐ро▓рпНро▓рпИ. роЖройрпНро▓рпИройрпН роХро┐ро│ро╛ро╕рпН роОройрпНроХро┐ро▒ роЗро│ро╡рпБ ро╡рпЗро▒. Future рокро╛родро┐роХрпНроХ роХрпВроЯро╛родрпБ роОройрпНро▒рпБ рокро╛ро░рпНродрпНродро╛ро▓рпН , future роОройрпНро▒рпБ роЗро░рпБроХрпНроХро╛родрпБ рокрпЛро▓ родрпЛрогрпБродрпБ роородройрпН ЁЯШнтЭдя╕ПЁЯШн",tamil_english
Thanks anna,tanglish
Thanks anna,tanglish
Uncle I am always using WhatsApp роирпАроЩрпНроХ роЪрпКройрпНрой рооро╛родро┐ро░ро┐ропрпЗ роОройрпНрой роЪрпЖропрпНро▒ ро░рпКроорпНрок thanks uncle ЁЯЩВтШ║я╕П,tamil_english
роиройрпНро▒ро┐ Bro,tamil_english
Vaa thala vaa thala,tanglish
Vanakam thala,tanglish
@Dharaneesh-s2w┬а sollu thala,tanglish
Thanks  anna,tanglish
VERA LVL THALA,tanglish
Ama Thala,tanglish
"Gowri Kalyanam:

роОроХрой роорпКроХрой рокро╛роЯрпНроЯ рокрпЛроЯрпБ 
роКро░родрпНродро╛ роЙроЪрпБрокрпНрокро┐ рокроЯрпНро░ рокрпЛроЯрпБ 

роОроХрой роорпКроХрой рокро╛роЯрпНроЯ рокрпЛроЯрпБ 
роКро░родрпНродро╛ роЙроЪрпБрокрпНрокро┐ рокроЯрпНро░ рокрпЛроЯрпБ 
рооро╛рокрпНрокрпБро│рпНро│ рокрпКрогрпНрогрпБ роЪрпЛроЯро┐ рокро╛ро░рпБропрпНропро╛
ро╡рпЖро░роЪро╛ ро╡роирпНродрпБ роирпА роЪрпБродрпНродро┐ рокрпЛроЯрпБропрпНропро╛ 

роЪрпЗроХрпНроХро╛ро│ро┐ роХрпВроЯрпНроЯроирпНродро╛ роУрогрпНрогро╛роХрпБродрпЗ 
рокрпКро▒родрпНродро╛ро▓ рокрпИропродрпНродро╛ роХроЯрокрпЛроЯрпБродрпЗ 


роороХрпНроХро╛ роороХрпНроХро╛ ропроХрпНроХро╛ ропроХрпНроХро╛ 
ропроорпНрооро╛ ропроорпНрооро╛ роЪрпБроорпНрооро╛ роЪрпБроорпНрооро╛ 

ро╡ро╛ро┤рооро░роорпН рокроирпНродро▓рпБроХрпНроХрпБ 
роорпИроХрпНроХрпБроЪрпЖроЯрпНроЯрпБ роХрпКрогрпНроЯрпИропро╛роЪрпНроЪрпБ 
роЖро▓рооро░роорпН рокрпЛро▓ роЗроЩрпНроХ 
роЪрпКроирпНродроорпН рокроирпНродроорпН роХрпВроЯро┐ропро╛роЪрпНроЪрпБ 
роХрпЖроЯрпНроЯро┐роорпЗро│ роЪродрпНродродрпНродрпБро▓ 
родро┐ро░рпБро╖рпНроЯро┐ роЗрокрпНрок (роХрогрпНрогроЯро┐родро╛) роУроЯро┐ рокрпЛроЪрпНроЪрпБ 
рооро╛рооройрпБроЩрпНроХ ро░ро╡рпБрогрпНроЯрпБ роХроЯрпНроЯро┐
родрпАро░рпБродропрпНропро╛ роорпКропрпНропро┐ роирпЛроЯрпНроЯрпБ 




роЪрпАро░рпБроЪройродрпНродро┐роХрпНроХрпБ роЪрпЗро░рпБродропрпНропро╛ рокроХрпБрооро╛ройроорпН 
роХрпВроЯ роЗродропродрпНрод родроирпНродрпБрокрпБроЯрпНроЯро╛ роЪрпВродро╛ройроорпН 
рокрпКрогрпНрогрпБ роорпКроХроорпЖро▓рпНро▓ро╛ роПро▒рпБродропрпНропро╛ роЪроирпНродрпЛро╖роорпН 
рооро╛рокрпНрокрпБро│рпНро│ ро╡роЪрпНроЪрпБроХрпНроХрогрпБроорпН роЗрокрпНрокроЯро┐ропрпЗ роОрокрпНрокрпЛродрпБроорпН 

роХро░рпБроХрпНроХро▓рпН роЪрпЗро░родрпНродро╛ройрпЗ 
родрпБроЯро┐роХрпНроХрпБроорпН рооро╛рокрпНрокрпБро│рпНро│родро╛ 
роТроЪроХрпНроХ рокрпЛроХрогрпБроорпЗ 
роЗро╡роЩрпНроХ роЪроирпНродродро┐родро╛ 

роороХрпНроХродро╛ роЪрпЗро░рпБродрпБ 
ро╡рпЖроЮрпНроЪройроорпН родрпАро░рпБродрпБ 
роирогрпНроЯрпБ роЪро┐рогрпНроЯрпБ роУроЯ 
роХрпКроЯрпНроЯро╛ро░роорпЗ ро▓роирпНродро╛роЪрпНроЪрпБ",tamil_english
роЗродро┐ро▓ роЙроЩрпНроХ wife роЖрогрпНроЯрпНроЯро┐ рооро╛ро▒ро┐ роЗро░рпБроХрпНроХрпБ bro,tamil_english
Song romba nalla irukudhu 100 varusam nalla happy ya irunga,tanglish
Super pa... ро╡ро╛ро┤рпНродрпНродрпБроХрпНроХро│рпН...ЁЯЦЦ,tamil_english
ро╡ро╛ро┤рпНродрпНродрпБроХрпНроХро│рпН bro,tamil_english
Thala It's like a movie ЁЯН┐.... Happy Married Life,tanglish
Pro grandmother you роХро▓рпНропро╛рогроорпН,tamil_english
роЕрогрпНрогро╛ роТро░рпБ роЪро┐ро▒ро┐роп ро╡рпЗрогрпНроЯрпБроХрпЛро│рпН....... роЕрогрпНрогро┐роп роТро░рпБ роорпБро▒рпИ роТро░рпЗ роТро░рпБ роорпБро▒рпИ роороЯрпНроЯрпБроорпН роирпАроЩрпНроХро│рпН liveро▓рпН ро╡ро░рпБроорпНрокрпЛродрпБ ро╡рпЗро▒рпБроорпН hello everyone роороЯрпНроЯрпБроорпНтАМ роЪрпКро▓рпНро▓ роЪрпКро▓рпНро▓рпБроЩрпНроХ please please please please please please please please please Anna.....,tamil_english
Life long akkavum annavum nalla iruka vaalthukkal....,tanglish
роЕрогрпНрогро╛ роТро░рпБ DANCE роЖроЯро┐ропро┐ро░рпБроирпНродро╛ Vera level,tamil_english
Vera 11 thala,tanglish
"Enna thala video ilanu 
Ita potirUu",tanglish
Startingla eruka butterfly effect роороЯрпНроЯрпБроорпН рокрпБро░ро┐ро▓ роородройрпН. Explain рокрогрпНрогрпБроЩрпНроХ,tamil_english
Congratulations maameyЁЯШНЁЯЩПЁЯП╗тЭдя╕ПтЭдя╕ПтЭдя╕ПтЭдя╕ПтЭдя╕ПтЭдя╕ПтЭдя╕Про╡ро╛ро┤рпНроХ рокро▓рпНро▓ро╛рогрпНроЯрпБ,tamil_english
роОройрпНрой роородрой роироорпНрооро│рпИ роОро▓рпНро▓ро╛роорпН роХрпВрокрпНрокро┐роЯро╛роо роХро▓рпНропро╛рогродрпНрод роорпБроЯро┐роЪрпНроЪро┐роЯрпНроЯ just fun,tamil_english
Vera level ЁЯдЧЁЯдЧЁЯе░thala congrats,tanglish
Lyrics Ningale Va    Bro Nice    . роирпАроЩрпНроХро│рпН роЗро░рпБро╡ро░рпБроорпН  роЗройрпНро▒рпБ рокрпЛро▓рпН роОройрпНро▒рпБроорпН  рокрпБройрпНройроХрпИропрпБроЯройрпН  роЗро░рпБроХрпНроХ  родроорпНрокро┐ропро┐ройрпН   ро╡ро╛ро┤рпНродрпНродрпБроХрпНроХро│рпН  .,tamil_english
All the best for your hard Work pays Off thanks for everything Anna ЁЯСитАНЁЯСйтАНЁЯСзтАНЁЯСжЁЯТк,tanglish
Dai madanu nee DMK karana ennada DMK ku sapporta pesuranu patha ippatha nalla purithi PTR iruka,tanglish
роирогрпНрокро░рпНроХро│рпЗ роиро╛ройрпН роЪро┐ро▒ро┐роп youtuber  родропро╡рпБроЪрпЖропрпНродрпБ роЙроЩрпНроХро│рпН роЖродро░ро╡рпБ роОройрпНройрпЛроЯ роЪрпЗройро▓рпБроХрпНроХрпБроорпН роХрпКроЯрпБроЩрпНроХ ЁЯЩП pleaseЁЯЩПЁЯП╗ЁЯЩПЁЯП╗ЁЯЩП...,tamil_english
"ропрпЛро╡рпН роХроЯрпИроЪро┐ро▓ роХро▓рпНропро╛рогроорпНрокрогрпНрогро┐роЯрпЗро│ропро╛ ЁЯШЬЁЯШЬЁЯШЬЁЯШЬЁЯШЬ
But anyways, Happy married life madan Anna ЁЯЦЦЁЯЦЦЁЯЦЦЁЯЦЦЁЯЦЦ",tamil_english
Kalai katichu thala.,tanglish
"роЗрокрпНрокрпЛродрпБ роОройрпНрой роиро┐ро▓рпИропро┐ро▓рпН роЗро░рпБроХрпНроХрпБ роХрпБроЯрпБроорпНрокроорпН роОро▓рпНро▓рпЛро░рпБроорпН роиро▓рооро╛, роХрпБро┤роирпНродрпИ, etc...",tamil_english
Eathukku da роЗрокрпНрокрпЛ recommend pannuthu ЁЯСА,tamil_english
"Thirumba nalla padiya senthutangalo etho nalla iruntha sari 
Mg mind :  nanga eppodaa pirinjom ЁЯШЕ",tanglish
роЗродрпНрод ро╡рпАроЯро┐ропрпЛро╡рпИ hide рокрогрпНрогро┐ ро╡роЪрпНроЪро┐ро░рпБроирпНродро┐ропрпЗ роородройрпБ .. роОрокрпНрокроЯро┐ unhide роЖроЪрпНроЪрпБ ЁЯдФ..роТройрпНро▒рпБ роЪрпЗро░рпНроирпНродрпБ ро╡ро┐роЯрпНроЯрпАро░рпНроХро│ро╛ .. ро░рпКроорпНрок роЪроирпНродрпЛро╖роорпН тЭдЁЯОЙ,tamil_english
роОройрпНрой рокрпНро░рпЛ родро┐роЯрпАро░рпН recommendation,tamil_english
"Madan follower 7.77 Lakhs and now trendingтАж
Thala for reason 7",tanglish
"Archive la irundhu eduthutaaru MGna heyyyyy!!
Onna, nalla irundhaa maghizchi",tanglish
роОройроХрпНроХрпБ роороЯрпНроЯрпБроорпН родро╛ройрпН Recommend рокрогрпНрогрпБродрпБройрпБ рокро╛ро░рпНродрпНродро╛ роОройроХрпНроХрпБ роорпБройрпНройро╛роЯро┐ роТро░рпБ роКро░рпЗ ро╡роирпНродрпБро░рпБроХро┐роЩрпНроХро│рпЗропро╛...ЁЯШоЁЯШВЁЯШВЁЯШВ,tamil_english
Both of you made for each other...тЭд Life is to show love.. that too we are humans..Happy ah Irunga rendu perum.. Supportive ah thoughts ku importance koduthu ... both live a happy lifeтЭдЁЯОЙ.. Endrendrum Unga rendu perum nalla onna irukanumnu ninaikrom..  20.12.2024,tanglish
Yov yov yov intha paatuodhala illaya Cher edho nalla vishyam na rightu,tanglish
Madan bro couple ah oru channel open panna nalla irukum,tanglish
Iva onna already kalativituta apuuram enn ivalaye Oru nalla ponnu unaku kadaikulaya,tanglish
Made for each other..ро╡ро╛ро┤рпНродрпНродрпБроХрпНроХро│рпН,tamil_english
роЗройро┐роп родро┐ро░рпБроорог ро╡ро╛ро┤рпНродрпНродрпБроХрпНроХро│рпН Bro тЬия╕П,tamil_english
"ро╡ро╛ро┤рпНродрпНродрпБроХрпНроХро│рпН роородройрпН роЪроХрпЛ ЁЯОК ро╡ро╛ро┤рпНроХ ро╡ро│роорпБроЯройрпН , u r my inspiration ЁЯТЪЁЯЩП",tamil_english
super Song родро▓рпИро╡ро╛ЁЯСНЁЯСНЁЯСНЁЯСНЁЯСНЁЯСНЁЯСНЁЯСНЁЯСНЁЯСНЁЯЩПЁЯЩПЁЯЩПЁЯЩПЁЯЩПЁЯЩПЁЯЩП,tamil_english
Ena da ponnu thala apidi irukuthu..,tanglish
"ро╡ро╛ро┤рпНродрпНродрпБроХрпНроХро│рпН роЕрогрпНрогро╛ ЁЯдЭЁЯП╝ЁЯШН роЗродрпИ рокро╛ро░рпНроХрпНроХрпБроорпНрокрпЛродрпБ рооройроЪрпБроХрпНроХрпБ роиро┐ро▒рпИро╡ро╛роХ роЗро░рпБроХрпНроХро┐ро▒родрпБ 
I feel so so happyЁЯШНЁЯШН",tamil_english
This song is in repeat mood Nalla song bro specially for ur wife ЁЯШН,tanglish
"роирпАрогрпНроЯ роЪрпБроХродрпНродрпЛроЯрпБроорпН
роирпАрогрпНроЯ роЖропрпБро▓рпЛроЯрпБроорпН
роирпАроЩрпНроХ роЪро┐ро░ро┐рокрпНрокрпЛроЯрпБроорпН 
ро╡ро╛ро┤ ро╡ро╛ро┤рпНродрпНродрпБроХро┐ро▒рпЛроорпН .
роЗрокрпНрокроЯро┐роХрпНроХрпБ тЬз*уАВMG Squad тЩб",tamil_english
"Kushi dialogue : роироорпНроо рокрогрпНрогрпБро▒ роХро╛родро▓рпН роЙрогрпНроорпИ роОройрпНро▒ро╛ро▓рпН, роЕроирпНрод роХро╛родро▓рпН роТро░рпБ роиро╛ро│рпН роироорпНроорпИ роЪрпЗро░рпНродрпНродрпБ ро╡рпИроХрпНроХрпБроорпН..... ЁЯТпЁЯТпЁЯТп",tamil_english
Gowri Kalyanam song nalla tha irunthau,tanglish
роЗродро▒рпНроХрпБ родро╛ройрпЗ роЖроЪрпИрокрпНрокроЯрпНроЯро╛ропрпН рокро╛ро▓роХрпБрооро╛ро░ро╛..... Chennal start panna  target completed.,tamil_english
Bro роТро░рпБ рооро░рогродрпНродрпБроХрпНроХрпБ рокродро┐ро▓рпН роТройрпНройрпКро░рпБ рооро░рогроирпНродро╛... роЕроирпНрод ро╕рпНроХрпВро▓рпН рокро┐ро░ро┐ройрпНроЪро┐рокро╛ро▓рпН роЪро╛ро╡ро╛.... ЁЯШбЁЯШбЁЯШбЁЯШб,tamil_english
Anna neeingalum ungala pola nalla vaingal katthi katthi judgement kettalum judgement kedaikeve kedaikathu. Government and government servant are only for money. Example ku bench table la thirumba vangi  kudutha government super,tanglish
"Dear  parents first ungalota рокрпЖро░рпБроорпИ kaka pasangala cbse, international School nu serkuratha avoid pannunga. Pasanga onnum race horse ila.. Neenga money waste panni periya school la perumaiya serthu vidu avangala mark niraya vangunu pressure kudukathenga..sudden ah hostel la kondu poi vidurenga... Relative friend s nu Jolly ah irunthavanga new place new friends nu seekiram adjust panna matanga.. Naanum parkuren niraya parents mark low ah vanguna enkita pesathanu pasangala solrenga... Ithu ellam enna niyayam? Naanga elam parents kita veetla iruka periyavanga kita teacher kita thittu vangi valarnthu vanthavanga.. Periyavanga thituna nallathuku than thituvanga.. So atha motive ah eduthukonga.. Again and again same mistake pannakutathu nu solli pillaingala valarungalЁЯЩПЁЯЩПЁЯЩПmark mattum than life nu solli yen avangala force pantrenga? Padika kastama iruntha government school la serthu vidunga. Atha yen asingam nu ninaikirenga? Panathaium koduthu uyiraium yen pali kodukurenga?  Koncham yosinga....",tamil_english
роЗро╡рпН ро╡ро┤роХрпНроХрпБ  рокрпКро▓ро┐ро╕ро╛ро▓рпН investigate рокрогрпНрогрпБро╡родрпИ ро╡ро┐роЯ please appoint the best criminologist& fingerprint expert&handwriting experts then this case automatically get all the truth   about this death please ЁЯЩП  and if any medias please you can make the queations & ask all that response from srimathis's mothers questions imediately,tamil_english
Nalla kadhai Vidran pa news ivanukku theriyaadham eppavume yourube laye irukkan appuram eppadi ЁЯШЗЁЯШЗ,tanglish
"CCTV роХроЯрпНроЪро┐роХро│рпН роиро┐роЪрпНроЪропроорпН роЕро┤ро┐роХрпНроХ рокроЯрпНроЯро┐ро░рпБроХрпНроХрпБроорпН.рокрпЛро▓рпАро╕рпН роПройрпН роорпБроирпНродро┐ро░ро┐роХро┐роЯрпНроЯро╛роЩрпНроХ ро▓рпЖроЯрпНроЯро░рпН роОроЯрпБроХрпНроХ, родроЯропро╡ро┐ропро▓рпН родрпБро▒рпИ роОродро▒рпНроХрпБ роЙро│рпНро│родрпБ. Local police роТро░рпБ роХрпИроКро▓ро┐.CBCID роорпБродро▓ро┐ро▓рпН local police роР ро╡ро┐роЪро╛ро░рогрпИ роироЯродрпНрод ро╡рпЗрогрпНроЯрпБроорпН",tamil_english
"роОроЩрпНроХрпЗ роЕроЯроХрпНроХ роорпБро▒рпИропрпБроорпН, роЖроЯрпНроЪро┐роорпБро▒рпИропрпБроорпН , родро▓рпИ ро╡ро┐ро░ро┐родрпНродрпБ роЖроЯрпБроХро┐ро▒родрпЛ , роЕроЩрпНроХрпЗ рокрпБро░роЯрпНроЪро┐ роЙрогрпНроЯро╛роХрпНроХ ро╡рпЗрогрпНроЯрпБроорпН тЬитЪая╕П


Justice For Sri Mathi ЁЯЩМЁЯТФ",tamil_english
роирпАроЩрпНроХ родропро╡рпБ роЪрпЖропрпНродрпБ роЕроирпНрод роХрпБро┤роирпНродрпИ роХрпНроХрпБ роиро┐родро┐ ро╡роЩрпНроХро┐родрпН родро╛роЩрпНроХ pls ЁЯЩП ЁЯЩПЁЯЩПЁЯЩПЁЯЩПЁЯЩПЁЯЩПЁЯЩП  рооро╛роЯро┐ропро┐ро▓рпН ро░родрпНродроорпН роОрокрпНрокро╛роЯро┐ ро╡роирпНродродрпБ?????,tamil_english
роЕрогрпНрогро╛ роОройроХрпНроХрпБ роТро░рпБ роорпБроХрпНроХро┐ропрооро╛рой роЪроирпНродрпЗроХроорпН роЕроирпНрод school ро▓ already 7girls death nu роЪрпКро▓рпНро░ро╛роЩрпНроХ роЕроирпНрод рокрпКрогрпНрогрпБроЩрпНроХ роЗро▒роирпНродрпБ рокрпЛрой роиро┐ропрпВро╕рпН роОродрпБроорпЗ ро╡ро░ро▓рпИропрпЗ роПройрпН ро╕рпНро░рпАроородро┐ роЗро▒роирпНрод ро╡ро┐ро╖ропроорпН роороЯрпНроЯрпБроорпН роЗро╡рпНро│рпЛ рокро░ро╡ро┐ро░рпБроХрпНроХрпБ роороХрпНроХро│рпН роородрпНродро┐ро▓ 1st роЕроирпНрод 7 рокрпКрогрпНрогрпБроЩрпНроХро│рпЛроЯ death detail um рокрпЛро▓рпАро╕рпН invasticate рокрогрпНрогройрпБроорпН,tamil_english
Kandippa neenga pesurathu 100 persentage correct teachers pillaigala purinchikkama tha neraiya school intha pracha athigam......un educated not experience teachers pottu schoola students a targer hurt panra mathri pesuranga ungala mathri nalla ulla kond pasanga mun varanum.....thank u so much thambi.....justice for srimathi,tanglish
"роОройроХрпНроХрпБроорпН роТро░рпБ рокрпЖрогрпН роХрпБро┤роирпНродрпИ роЙро│рпНро│родрпБ,роТро░рпБ рокрпЖрогрпНрогро┐ройрпН родроирпНродрпИропро╛роХ роЗроирпНрод рокрпЖрогрпН роХрпБро┤роирпНродрпИропро┐ройрпН роиро┐ро▓рпИропрпИ рокро╛ро░рпНроХрпНроХрпБроорпН рокрпЛродрпБ роирпЖроЮрпНроЪроорпН роХрпКродро┐роХрпНроХро┐ро▒родрпБ, рокрпЖро▒рпНро▒рпЛро░рпНроХро│рпЗ роЗродрпИ рокро╛ро░рпНродрпНродро╛ро╡родрпБ родро┐ро░рпБроирпНродрпБроЩрпНроХро│рпН рокрпЖрогрпН рокро┐ро│рпНро│рпИроХро│рпИ роЙроЩрпНроХро│рпН ро╡рпАроЯрпНроЯрпБроХрпНроХрпБ роЕро░рпБроХро┐ро▓рпБро│рпНро│ рокро│рпНро│ро┐роХро│ро┐ро▓рпН роЪрпЗро░рпБроЩрпНроХро│рпН, роородро┐рокрпНрокрпЖрогрпНроХро│рпИ ро╡ро┐роЯ роироорпН роХрпБро┤роирпНродрпИроХро│ро┐ройрпН рооро╛ройроорпБроорпН роЙропро┐ро░рпБроорпН роорпБроХрпНроХро┐ропроорпН. рокро│рпНро│ро┐роХро│рпН роироЯродрпНродрпБроорпН рокрог роорпБродро▓рпИроХро│рпИ роироорпНрооро╛ро▓рпН роТройрпНро▒рпБроорпН роЪрпЖропрпНроп роорпБроЯро┐ропро╛родрпБ. роОройро╡рпЗ роироорпН рокро┐ро│рпНро│рпИроХро│рпИ роироорпН роХрогрпНроорпБройрпНройрпЗ ро╡рпИродрпНродрпБроХрпНроХрпКрогрпНроЯро╛ро▓рпН роиро▓рпНро▓родрпБ. рокро│рпНро│ро┐роХро│ро┐ро▓рпН роЙро│рпНро│ ро╡ро┐роЯрпБродро┐(Hostel)роР ро╡ро┐роЯ роироорпН ро╡рпАроЯрпЗ рокро╛родрпБроХро╛рокрпНрокро╛ройродрпБ.",tamil_english
"Bro letter la ро╡рпЗродро┐ропро┐ропро▓рпН Eqvation ро╡ро░ Matinguthu . роЕрокрпНрокроЯро┐ роЗро░рпБроирпНродрпБроЪрпНроЪрпБ Nu роЪрпКро▓рпНро▒ро┐роЩрпНроХро▓+1 La роЕродрпЗ рокро╛роЯроорпН родро╛рой роЕрокрпНро░рпЛроорпН роОрокрпНрокро┐роЯро┐ +1 ро▓ роороЯрпНроЯрпБроорпН 492 рооро╛ро░рпНроХрпН роОроЯрпБродрпНрод Srimathi +2  ро▓ роороЯрпНроЯрпБроорпН роОройроХрпНроХрпБ ро╡рпЗродро┐ропро┐ропро▓рпН Eqvation ро╡ро░ро▓ Nu Letter роОро┤рпБродро┐ ро╡рпЖроЪрпНроЪрпБ роЗро░рпБроХрпНроХрпБроорпН роЕро╡ро┐роЩрпНроХ роЕроорпНрооро╛ роЪрпКройрпНрой рооро╛родро┐ро░ро┐ роЕро╡ро┐роЩрпНроХро│рпЗ Letter роОро┤рпБродро┐ ро╡рпЖроЪрпНроЪрпБ роЗро░рпБроХрпНроХро╛роЩрпНроХ bro Avingalala Summa Vida роХрпВроЯро╛родрпБ .

Miss You Srimathi Sister ЁЯе║ЁЯТФ",tamil_english
роХро┐ро│ро╛ро╕рпН mudiccittu anthaoru рокрпКройрпНройрпБроороЯрпНроЯрпБродрпНродро╛ ро╡ро┐роЯрпБродро┐роХрпНроХрпБ рокрпЛропро┐ро░рпБроХрпНроХрпБрооро╛ роХрпВроЯ роОроирпНрод рокрпКрогрпНрогрпБ povalaiyaa raththamiruntha cctv ро╡рпАроЯро┐ропрпЛ роЕроирпНрод raththakaraiya yaarum pakkalayaa school and police ethukku antha ро╡рпАроЯро┐ропрпЛ va kaamikkala ethukku pablis pannala,tamil_english
"See this qoute"" рокрогроорпН рокродрпНродрпБроорпН роЪрпЖропрпНропрпБроорпН "" and do your routine work ...that only we can do even me tooЁЯШ╢",tamil_english
Call records etothu partha new therium innum родрпЖро│ро┐ро╡ро╛,tamil_english
"роЖроХ, роЗрокрпНрокрпЛродрпБ роороЯрпНроЯрпБроорпН роЗро▓рпНро▓рпИ роОрокрпНрокрпЛродрпБроорпН роЕродро┐роХ news channel роиро┐ро░роп ро╡ро┐ро╖ропроЩрпНроХро│рпН родрпЖро░ро┐ропрокрпНрокроЯрпБродрпНродрпБ роЗро▓рпНро▓рпИ?",tamil_english
Andha ponnoda 10th and 11th mark cheak panna sollunga andha ponnu playful ah illa nalla padikura ponna nu theriyum bro,tanglish
"Bro роЕроирпНрод рокрпЖрогрпН letter hand writing    
And exam paper hand writing compare рокройрпНрой роЙройрпНроорпИ ро╡рпЖро│ро┐ропрпЗ ро╡ро░рпБроорпН",tamil_english
"Bro Enga collage la romba mosam bro,teachers Enna sonnalum appudiya kekkanum romba torture panraanga yatachum requestion vacha Kuda marks la kai vachiruvanu bayam kuduthuraanga.ippudi students a torture panni no 1 collage nu name yaduthu Enna panna poraanganu tharilla bro.itha Pola yatachum oru case Ku nalla solution vantha tha innima ivangala thirunthuvaanga.",tanglish
"роиро╛ройрпН роЖро░ро╛ропрпНроЪрпНроЪро┐ роЪрпЖропрпНрод рокро▓ рокрпЖропро░рпНроХро│ро┐ро▓рпН.... родро▒рпНроХрпКро▓рпИроХро│рпН, роХрпКро▓рпИроХро│рпН, рооро░рпНроорооро╛рой рооро░рогроЩрпНроХро│рпН, роЕроХро╛ро▓ рооро░рогроЩрпНроХро│рпН, роЙроЯро▓рпН роЪро┐родро▒рпБрогрпНроЯ рооро░рогроЩрпНроХро│рпН роиро┐ропрпВрооро░ро╛ро▓роЬро┐ропро┐ро▓рпН hebrew роОрогрпНрогро┐роХрпНроХрпИ 18 ро╡ро░рпБроХро┐ро▒родрпБ. Srimathi рооро╛рогро╡ро┐ропро┐ройрпН hebrew роОрогрпНрогро┐роХрпНроХрпИропрпБроорпН 18 ро╡ро░рпБроХро┐ро▒родрпБ.",tamil_english
Nalla explain panni...neenga earn pandringa da ...shit,tanglish
"Hi madan, I'm also a teacher but now not.. Na student friendly ah irunthen, students kum enna romba pidichathu.. But senior teachers oda politics nalla enna torture pani enna velila anupitanga.. Reason enna na avanga rude nala, students ku avangala pidikathu.. Students ku parents freedom kuduthalum, teachers kathi bayamuruthi avamanapadithi роХрпЛро│рпИ  aakiduranga... Keta apadi panuna tha padipan nu katha solranga... Pilaingaluku  namale solikuduthu veedule vachukalam pola iruku.. Oru sila palasunga mental torture panranga.. Avangala pathale pilaiga payapadanunu ninaikanga.. Olds lam velila anupitanga na nalla irukum students life..",tamil_english
CCTV  рокро╛ро░рпНродрпНродро╛ро▓рпН роОро▓рпНро▓ро╛роорпН роЙрогрпНроорпИропрпБроорпН родрпЖро░ро┐ропрпБроорпН ....роЗрокрпНрокрпЛродрпИроХрпНроХрпБ ропро╛ро░рпН роЪрпКройрпНройродрпБ роЙрогрпНроорпИ ропро╛ро░рпН роЪрпКро▓рпНро╡родрпБ рокрпКропрпН роОройрпНро▒рпБ роЬроЯрпНроЬрпН рокрогрпНрог роорпБроЯро┐ропро▓.....,tamil_english
"роЙрогрпНроорпИ роОродрпБро╡рпЖройрпНро▒рпБ роорпВроЯро┐рооро▒рпИроХрпНроХрокрпН рокро│рпНро│ро┐ роиро┐ро░рпНро╡ро╛роХроорпН роиро┐ро▒рпИроп роорпБропро▒рпНроЪро┐ роЪрпЖропрпНроХро┐ро▒родрпБ роЖройро╛ро▓рпН роЙрогрпНроорпИ роХрогрпНроЯро┐рокрпНрокро╛роХ ро╡рпЖро│ро┐ропрпЗ ро╡ро░рпБроорпН.....""Truth is not hide""",tamil_english
"Epa tha school college ellam start aguthu athukulla,enna tourcher something wrong...athum nalla padikara pinnunu vara sollaranga....ethuku munnadi 7to9 students eranthirukanganu sollaranga.. ethuku munnadi enna action eduthurukanga ...nalla padikara ponnunga,hostal la padikaravangaluku entha marri nadakuthu...ethuku 1000 kanakula police production....",tanglish
роТро░рпБ роорпБро▒рпИ роХрпБроорпБродродрпНродро┐ро▓рпН роЗродрпБрокрпЛро▓рпН рокро│рпНро│ро┐ропро┐ро▓рпН роТро░рпБ роХрпБро┤роирпНродрпИроХрпНроХрпБ роироЯроирпНрод роХрпКроЯрпБроорпИ роХрпБро▒ро┐родрпНродрпБ роЖроЯрпНроЯро┐роХро┐ро▓рпН ро╡роирпНродродрпБ. роЕродрпИ роорпБройрпНройро╛ро│рпН роЬройро╛родро┐рокродро┐ роЕрокрпНродрпБро▓рпНроХро▓ро╛роорпБроХрпНроХрпБ email роЕройрпБрокрпНрокро┐ройрпЗройрпН. роЕроЯрпБродрпНрод 6 рооро╛родродрпНродро┐ро▓рпН роЖроЪро┐ро░ро┐ропро░рпНроХро│рпН роХрпБро┤роирпНродрпИроХро│рпИ родрпБройрпНрокрпБро▒рпБродрпНрод роХрпВроЯро╛родрпБ роОройрпНро▒рпБ роХро▓ро╛роорпН роЪроЯрпНроЯроорпН роЗропро▒рпНро▒ ро╡ро┤ро┐ро╡роХрпИ роЪрпЖропрпНродро╛ро░рпН. роЗроирпНродро┐ропро╛ро╡ро┐ро▓рпН роОродро┐ро░рпН роХро╛ро▓роорпН роХрпБро┤роирпНродрпИроХро│рпН роОройрпНрокродрпИ рокрпБро░ро┐роирпНродрпБ роХрпКрогрпНроЯрпБ роЖроЯрпНроЪро┐ роЪрпЖропрпНропрогрпБроорпН.,tamil_english
"роорпАроЯро┐ропро╛  роЯро╛ро╕рпНрооро╛роХрпН ро▓ родрпАрокро╛ро╡ро│ро┐роХрпНроХрпБ,рокрпКроЩрпНроХро▓рпБроХрпНроХрпБ,рокрпБродрпНродро╛рогрпНроЯрпБроХрпНроХрпБ роОро╡рпНро│рпЛ ро╡роЪрпВро▓рпН роЖроЪрпНроЪрпБройрпНройрпБ роороЯрпНроЯрпБроорпН родро╛ройрпН рокро╛рокрогрпБроЩрпНроХ роЗродрпЖро▓рпНро▓ро╛роорпН роХрогрпНроЯрпБроХрпНроХ рооро╛роЯрпНроЯройрпБроЩрпНроХ justice for srimathiЁЯШнЁЯШн",tamil_english
"роХро░ро╕рпНрокро╛рогрпНроЯрпЖрогрпНроЯрпНроХро│рпНроорпБродро▓ро┐ро▓рпН роТро░рпБ ро╕рпНроХрпВро▓рпН роироЯродрпНрод роХро╛роЪрпБ роЗро▓рпНро▓ро╛рооро▓рпН роЗро░рпБрокрпНрокро╛ро░рпНроХро│рпН.роТро░рпБ ро╡ро┤ро┐ропро╛роХ рокрогроорпН роХро┐роЯрпИродрпНродрпБ родройродрпБ рокро│рпНро│ро┐ High standed роЖройродрпБроорпН роЪрпЗроЯрпНроЯрпИ, родро┐рооро┐ро░рпН рокрогрпНрогрпБро╡ро╛ро░рпНроХро│рпН.роЕродрпЗ рокрпЛро▓ Teachers ро╡рпЗро▓рпИ роХро┐роЯрпИроХрпНроХро╛рооро▓рпН роЕро▓рпИро╡ро╛ро░рпНроХро│рпН.роТро░рпБ ро╡ро┤ро┐ропро╛роХ ро╡рпЗро▓рпИ роХро┐роЯрпИродрпНродрпБ роЪро┐ро▒роирпНрод  Teacher роЖроХро┐ро╡ро┐роЯрпНроЯро╛ро▓рпН schoolроХрпНроХрпБ роиро▓рпНро▓ рокрпЖропро░рпН ро╡ро╛роЩрпНроХро┐родрпН родро░рпБроХро┐ро▒рпЗройрпН роОройрпНро▒  роЪрпЗроЯрпНроЯрпИ, родро┐рооро┐ро░рпНродрпНродройроорпН рокрогрпНрогрпБро╡ро╛ро░рпНроХро│рпН.роЗродрпИ роиро┐ро░рпНро╡ро╛роХроорпН роХрогрпНроЯрпБ роХрпКро│рпНро│ро╛родрпБ.роЗродройро╛ро▓рпНродро╛ройрпН роЗроирпНрод ро╡ро┐рокро░рпАродроорпН.",tamil_english
That's why sometimes i think he should not upload video only gaining  views shits..not knowing anything about case ...only biased...onna num  bahidakoli eve chi..now also saying that this  is sucide... Only saving channelЁЯШВЁЯдгЁЯдг being other side .ЁЯдгЁЯШВ bro why are you supporting him..he dont know how cover a case just being police dont know what is reality...evve kuda ippdi aana nalla irkku..,tanglish
S. Teacher рокро▒рпНро▒ро┐ рокрпЗроЪрпБройродрпБ sar,tamil_english
роЕрогрпНрогро╛....роЗроЩрпНроХ technology роороЯрпНроЯрпБроорпН родро╛ройрпН ро╡ро│ро░рпБродрпБ роЖройро╛ рооройро┐род роирпЗропроорпН родрпЗроЮрпНроЪро┐роХро┐роЯрпНроЯрпБродро╛ройрпН   рокрпЛроХрпБродрпБ,tamil_english
Karthik Anna semme ungale maari 10 рокрпЗро░рпБ irukanum ЁЯСП,tamil_english
роЯро╛ро░рпНроХрпЖроЯрпН  achievement  ройрпБ  роОро▓рпНро▓ро╛  dep  рокрпЖро░рпБроХро┐  роЪро╛ро╡роЯро┐роХрпНроХрпБродрпБ  роЕродро┐ро▓рпБроорпН  роЗроирпНрод  school s hospital s  etc. роЕродрпБроХрпНроХрпБ  роЪро┐ро▒рпБ рокро┐роЮрпНроЪрпБроХро│рпН  рокро▓ро┐роХрпНроХроЯро╛ро╡ро╛роХрпБродрпБ,tamil_english
Aama anna. ..avlo nalla letter eludhura ponnukku ...epdi padikka theriyala nu solranga epdi anna?,tanglish
If u get time plz see kalasalapakkam news роорпБро░роЪрпБ and родро┐ройроХро░ройрпН paper.....,tamil_english
Super sir kandippa,tanglish
рокрогроорпБроорпН рокродро╡ро┐ропрпБроорпН роЗро░рпБроирпНрод роЙрогрпНроорпИ sethuthan рокрпЛроХрпБроорпН роЕрогрпНрогро╛..... Yesterday before my sister in law was died bcs of doury problem avala роЕроЯро┐роЪрпНроЪро┐ роЕро╡роХро│рпЗ thukula potu set panitaga police avagaluku рокро╛родрпБроХро╛рокрпНрокрпБ роХрпКроЯрпБроХрпБро░роХ complaint koduka ponavagala sariya response kuda panala...... роХрпКроЯрпБроорпИ ethuku рокрпЗро░рпН роЪрпБродроирпНродро┐ро░ рокрпВрооро┐ропро╛..... ??? Really I was shamed enthamathiri oru country la vazhurathuku roimba asigapadura.....,tamil_english
"Ivlo vishiyam parents ku therinjum yean andha school la sekkanum??... neraiya fees,periya school intha madhri schools lam padicha than pillainga nalla padipanga nu nenaikuringa??",tanglish
Nethi роХро┐роЯрпИроХрпНроХрпБроорпНрооро╛ роХро┐роЯрпИродрпНродро╛ро▓рпН роЗройро┐роорпЗро▓рпН  роЗрокрпНрокроЯро┐  роиро┐роХро┤рпНро╡рпБ роироЯроХрпНроХро╛рооро▓рпН родроЯрпБроХрпНроХ  ро╡ро┤ро┐ро╡роХрпБроХрпНроХрпБроорпН,tamil_english
роЕрокрпНрокрпЛ роЗроирпНрод роТро░рпБ ро╡рпАроЯро┐ропрпЛ ро╡ monitisation ро╡ро┐ро│роорпНрокро░родрпНродрпИ роПройрпН роирпА роородройрпН роЖроГрокрпН рокрогрпНрогро▓,tamil_english
Hats off Thala,tanglish
Thanks ЁЯЩП anna entha topic eduthu pesunathuku justice for srimathi,tanglish
ро╡рогроХрпНроХроорпН роХрогрпНроЯро┐рокрпНрокро╛ роХрпБро▒рпНро▒ро╡ро╛ро│ро┐роХро│рпН родрогрпНроЯро┐роХрпНроХрокрпНрокроЯ ро╡рпЗрогрпНроЯрпБроорпН родрогрпНроЯройрпИ роХроЯрпБроорпИропро╛роХ роЗро░рпБроХрпНроХ ро╡рпЗрогрпНроЯрпБроорпН Sri mathi роЖродрпНрооро╛ роЪро╛роирпНродро┐ роЕроЯрпИроп роЗро▒рпИро╡ройрпИ ро╡рпЗрогрпНроЯро┐ роЕроЮрпНроЪро▓ро┐ роЪрпЖро▓рпБродрпНродрпБроЩрпНроХро│рпН,tamil_english
Thanks   for the information anna ЁЯЩПЁЯЩПЁЯЩПso sad ЁЯЩД,tanglish
роиройрпНро▒ро┐ роЕрогрпНрогро╛... Justice for srimathi ЁЯЩП,tamil_english
Pudhu vuravu malai salaral vuravu nalla varavu means,tanglish
"Madan Gowari can take films super acting sir, in your reports",tanglish
рокрпЛро░ро╛роЯрпНроЯродрпНродро┐ро▒рпНроХрпБ роЕро┤рпИродрпНродрпБ jeni роОройрпНро▒ рокрпЖропро░ро┐ро▓рпН роХроорпЖройрпНроЯрпН роЪрпЖропрпНрод роирокро░рпН родро▒рпНрокрпЛродрпБ роЕроирпНрод роХроорпЖройрпНроЯрпН роР роирпАроХрпНроХро┐ро╡ро┐роЯрпНроЯро╛ро░рпН ... роирпЗро▒рпНро▒рпБ роЕроирпНрод роХроорпЖройрпНроЯро┐ро▒рпНроХрпБ роХрпАро┤рпН роЪрпБрооро╛ро░рпН 350 рокрпЗро░рпН ро╡ро░рпБро╡родро╛роХ роХроорпЖройрпНроЯрпН роЪрпЖропрпНродро┐ро░рпБроирпНродройро░рпН... родро▒рпНрокрпЛродрпБ jeni роЕроирпНрод роХроорпЖройрпНроЯрпН роР роирпАроХрпНроХ роХро╛ро░рогроорпН роОройрпНрой??? рокрпЛро░ро╛роЯрпНроЯроорпН ро╡ройрпНроорпБро▒рпИропро╛роХ рооро╛ро▒ роЗроирпНрод ро╡рпАроЯро┐ропрпЛ роТро░рпБ роорпБроХрпНроХро┐роп роХро╛ро░рогрооро╛роХ роЗро░рпБроирпНродрпБро│рпНро│родрпБ....,tamil_english
"роЕроирпНрод рокрпЖрогрпН 10Th 'ро▓ School toper 
ропрпЛроЪро┐роЩрпНроХ",tamil_english
Bracelet  роХро╛рогро╛рооро▓рпН рокрпЛройродро╛ро▓рпН   роирпА родро┐роЯрпНроЯрпБро╡ро╛ роОройрпНроХро┐ро▒ рокропродрпНродро┐ро▓рпН родро▒рпНроХрпКро▓рпИ рокрогрпНрогро┐роХрпНроХрпН роХрпКрогрпНроЯро╛ро▓рпЛ...,tamil_english
Pubg Madan and TTF brother рокродрпНродро┐ роороЯрпНроЯрпБроорпН рокрпЛроЯрпБро╡ро╛ро░рпНроХро│рпН. роЗроирпНрод news роОро▓рпНро▓ро╛роорпН рокрпЛроЯрооро╛роЯрпНроЯро╛ро░рпНроХро│рпН,tamil_english
kandippa thampi nee nalla News konduporinga.  kandippa antha ponnukku ennamo nadanthurulku,tanglish
роОройрпНрой роородройрпБ роЗроЩрпНроХ роТроХрпНроХро╛роирпНродрпБ роХрпБро░ро▓рпН роХрпКроЯрпБроХрпНроХрпБро▒родрпБроХрпНроХрпБ роХро│рпНро│роХрпНроХрпБро▒ро┐роЪрпНроЪро┐ рокрпКропрпН роЪрокрпНрокрпЛроЯрпН  рокрогрпНрогро▓ро╛роорпЗ . роТройроХрпНроХрпБродрпН родрпЗро╡ роХро╛роЪрпБ роЕрод роЪроорпНрокро╛ро░ро┐роХрпНроХ роОроирпНрод роиро┐ропрпВро╕рпН роЯро╛ роороЯрпНроЯрпБрогрпНрогрпБ рокро╛роХрпНроХрпБро▒.роЗроирпНрод роТро░рпБ роиро┐ропрпВро╕рпН ро╡роЯрпНроЪрпЗ роТро░рпБ rs 50000 роорпЗро▓ роЪроорпНрокро╛родро┐роЪрпНроЪрпБроЯрпБро╡  роЕрокрпНрокро▒роорпН роОройрпНрой ро╡рпЗро░ роиро┐ропрпВро╕рпН роЕро╡рпНро╡ро▓рпЛродро╛ роирпА . роОроЩрпНроХро│ рооро╛ро▒ро┐ ро╡роирпНродрпБ рокрпЛро░ро╛роЯрпБ роЕрокрпНрокрпЛ роирпА роиро┐ропрооро╛ройро╡ройрпН,tamil_english
Needhi ро╡рпЗрогрпНроЯрпБроорпН.,tamil_english
Bro india роЪроЯрпНроЯроЩрпНроХро│рпН роХроЯрпБроорпИропро╛рой ро▓рпН роороЯрпНроЯрпБроорпН родро╛ройрпН роХрпБро▒рпНро▒роорпН роХрпБро▒рпИропрпБроорпН,tamil_english
"роЗроирпНрод роЪроорпНрокро╡родрпНродро┐ро▒рпНроХрпБ роЗро░рпБродро░рокрпНрокрпБ роорпАродрпБроорпН родро╡ро▒рпБ роЙро│рпНро│родрпБ.. роиро╛роЩрпНроХро│рпН рокроЯро┐роХрпНроХрпБроорпН роХро╛ро▓родрпНродро┐ро▓рпН (90's) роиройрпНро▒ро╛роХ рокроЯро┐роХрпНроХ ро╡рпЗрогрпНроЯрпБроорпН роОройрпНро▒рпБ роОроЩрпНроХро│рпН роЖроЪро┐ро░ро┐ропро░рпНроХро│рпН роОроЩрпНроХро│рпИ роХроЯрпБроорпИропро╛роХ роХрогрпНроЯро┐родрпНродрпБ роЙро│рпНро│ройро░рпН. роЕродро▒рпНроХро╛роХ роиро╛роЩрпНроХро│рпН ропро╛ро░рпБроорпН роЗроирпНрод рооро╛родро┐ро░ро┐ роЪрпЖропро▓ро┐ро▓рпН роИроЯрпБрокроЯро╡ро┐ро▓рпНро▓рпИ. рокрпЖро▒рпНро▒рпЛро░рпНроХро│рпН рокро┐ро│рпНро│рпИроХро│ро┐ройрпН родро┐ро▒ройрпН роЕро▒ро┐роирпНродрпБ родроЩрпНроХро│рпБроЯройрпН ро╡рпИродрпНродрпБ рокроЯро┐роХрпНроХ ро╡рпИроХрпНроХ ро╡рпЗрогрпНроЯрпБроорпН.. родройродрпБ рокро┐ро│рпНро│рпИ роиройрпНро▒ро╛роХ рокроЯро┐родрпНродрпБ рокрпЗро░рпН роОроЯрпБроХрпНроХ ро╡рпЗрогрпНроЯрпБроорпН роОройрпНро▒ рокрпЗро░ро╛роЪрпИропрпЛроЯрпБ, роиро▓рпНро▓ рокро│рпНро│ро┐ропро┐ро▓рпН роЪрпЗро░рпНроирпНродрпБ роЕро╡ро░рпНроХро│рпИ роЗроирпНрод роиро┐ро▓рпИроХрпНроХрпБ роЖро│ро╛роХро┐ройрпНро▒ройро░рпН. роХрпБро┤роирпНродрпИроХро│рпИ родроЩрпНроХро│рпБроЯройрпН ро╡рпИродрпНродрпБ ро╡ро│ро░рпНродрпНродрпБ роЕро╡ро░рпНроХро│рпБроХрпНроХрпБ роОройрпНрой ро╡ро░рпБроорпЛ роЕроирпНрод родро┐ро▒ройрпИ ро╡ро│ро░рпНродрпНродро╛ро▓рпН роЕро╡ро░рпНроХро│рпН роиро▓рпНро▓ роиро┐ро▓рпИроорпИроХрпНроХрпБ ро╡ро░рпБро╡ро╛ро░рпНроХро│рпН.роХрпБро┤роирпНродрпИ рокрпЛрой рокро┐ройрпНрокрпБ роЗрокрпНрокроЯро┐ роЕроЯрпБродрпНродро╡ро░рпНроХро│рпИ роХрпБро▒рпНро▒роорпН роХрпВро▒рпБро╡родрпБ родро╡ро▒рпБ.. рокрпЖро▒рпНро▒рпЛро░рпНроХро│рпЗ роорпБродро▓ро┐ро▓рпН роирпАроЩрпНроХро│рпН роиро┐ро▒рпБродрпНродрпБроЩрпНроХро│рпН ЁЯЩП",tamil_english
"роХрпАро┤ ро╡ро┐ро┤рпБроирпНрод роЗроЯродрпНродро┐ро▓рпН рокрпБроХрпИрокрпНрокроЯроорпН роПройрпН роОроЯрпБрокрпНроХ ро╡ро┐ро▓рпНро▓рпИ,  роОро▓рпНро▓ро╛ро░рпНроХро┐роЯрпНроЯропрпБроорпН Camera. Phones. роЗро░рпБроХрпНроХрпБ роЗрокрпНрокрпЛ роЙро│рпНро│. роЪрпВро┤рпНроиро┐ро▓рпИропро┐ро▓рпН",tamil_english
Thank u bro nalla theerppu kidaikka vendum,tanglish
Parents Mela than thappu .. роХрпМро░ро╡родрпНродрпБроХро╛роХ private la kondu poi sekkuranga . Yen govt la seththa Enna kevalama . Namma kitta Kodi Kodi ah panaththa vangipanga kadaisiya namma pasangala ponamathan thirupi kudupanga . Ithu Kalam kalama nadakurathu thana ithu theyrinchum yen intha parents iputi panranga nu theyriyala. Ithuku kandipa Oru vilipunarvu theyva . Avalo than .,tamil_english
роПройрпН роПройрпН роПройрпН роОройрпНро▒рпБ роЖропро┐ро░роорпН роорпБро▒рпИ роХрпЗроЯрпНроЯро╛ро▓рпБроорпН рокродро┐ро▓рпН RSрокро╛ро░родро┐  роЪрпКройрпНройродрпБродро╛ройрпН,tamil_english
роиро╛роорпН роЗро░рпБрокрпНрокродрпБ родрооро┐ро┤рпНроиро╛роЯрпБ роЗро▓рпНро▓рпИ родро╛ройрпН рокрпБро░ро┐ропрпБродрпБ  pro,tamil_english
родро┐ройроорпБроорпН роТро░рпБ ро╡ро╛ро░рооро╛роХ роЪрпЖропрпНродро┐роХро│рпНро▓ ро╡ро░рпБродрпБ bro. роЕро░рпИроорогро┐роирпЗро░роорпН роТро░рпБ роорогро┐роирпЗро░роорпН роТро│ро┐рокро░рокрпНрокро╛роХрпБроорпН роЪрпЖропрпНродро┐роХро│ро┐ро▓рпН родро┐ройроорпБроорпН ро╡роирпНродродрпБ.,tamil_english
роЗродрпБ родроЯрпНроХрпКро▓рпИ роЗро▓рпНро▓рпИ роХро╛роЯрпНрокро╛ро│ро┐рокрпНрокрпБроХрпНроХрпБ роорпБропро▒рпНроЪро┐ рокрогрпНрогро┐ роЗро░рпБроХрпНроХро▓ро╛роорпН so рокрогрпНрогро┐роЯрпНроЯрпБ роХрпКро▓рпИ роЪрпЖропрпНродро┐ро░рпБроХрпНроХро▓ро╛роорпН,tamil_english
"Super. Thank you sir. 
Please school name. Shakthi metric school very very bad",tanglish
роЪро┐ройрпНрой  ЁЯФерокрпКро▒ро┐ роХро╛роЯрпНроЯрпБЁЯФе роЖроХрпБроорпНройрпБ роЗрокрпНрокродро╛ рокро╛роХрпНроХрпБро▒ well done broo....,tamil_english
School Chairman Mr. Ravi Kumar  роЕро╡роЩрпНроХ рооройрпИро╡ро┐ропрпБроорпН роЪрпЗро░рпНроирпНродрпБ роироЯродрпНродрпБро╡ро╛роЩрпНроХ. роЕро╡роЩрпНроХро│рпБроХрпНроХрпБ  20ро╡ропродрпБ рокрпИропройрпН роороЯрпНроЯрпБроорпЗ рокрпЖрогрпНрогрпИ рокрпЖро▒рпНро▒ро╡ро░рпБроХрпНроХрпБ родро╛ройрпН родрпЖро░ро┐ропрпБроорпН ро╡ро▓ро┐.,tamil_english
"роиро╛роорпН роЪро░ро┐ропро╛рой роорогрокроХрпНроХрпБро╡родро┐ро▓рпН роХрпБро┤роирпНродрпИроХро│рпИ ро╡ро│ро░рпНроХрпНроХро╡рпЗрогрпНроЯрпБроорпН....  роЪро╛ро╡рпБ роОродро▒рпНроХрпБроорпН родрпАро░рпНро╡рпБ роЗро▓рпНро▓рпИ роОройрпНро▒рпБ.... роЖройро╛ро▓рпН ро╡рпЗро▒рпБ роПродрпЗройрпБроорпН роЖроЪро┐ропро░рпНроХро│рпН роЕродрпНродрпБ meeriyathaal роироЯрпИ рокрпЖро▒рпНро▒рпБ роЗро░рпБроирпНродро╛ро▓рпН роЕроирпНрод роЖроЪро┐ропро░рпНроХро│рпН родрогрпНроЯро┐роХрпНроХ рокроЯ ро╡рпЗрогрпНроЯрпБроорпН...
  роЖройро╛ро▓рпН родро┐роЯрпНроЯро┐ропродро╛ро▓рпН роЗро░рпБроирпНродро╛ро▓рпН роЕродрпБ роЕроирпНрод рокрпЖрогрпНрогро┐ройрпН роорпЗро▓рпБроорпН рокрпЖроЯрпНроЯро┐роХро│рпН роорпЗро▓рпБроорпН родро╡ро▒рпБродро╛ройрпН ...
  роорпЗро▓рпБроорпН родро┐роЯрпНроЯро┐ропродро╛ро▓рпН роЗро▒роирпНродро┐ро░рпБроирпНродро╛ро▓рпН роЕродрпБ",tamil_english
"рокро▓ роиро╛ро│ро╛ subscribe рокрогрпНрогро╛роо родро╛ройрпН рокро╛ро░рпНродрпНродрпБроЯрпНроЯрпБ роЗро░рпБроирпНродрпЗройрпН.. роЗроирпНрод ро╡рпАроЯро┐ропрпЛ ро▓ роХро╛роЯрпНроЯрпБроорпН роЪроорпВроХ рокрпКро▒рпБрокрпНрокрпБроХрпНроХро╛роХ subscribe рокрогрпНрогро┐роЯрпНроЯрпЗройрпН.. dont worry about mainstream media.. youtube родро╛ройрпН роЗрокрпНрокрпЛ mainstream.. 
родрпКроЯро░рпНроирпНродрпБ роЪроорпВроХ рокрпКро▒рпБрокрпНрокрпБро│рпНро│ ро╡рпАроЯро┐ропрпЛроХрпНроХро│рпН  рокрпЛроЯрогрпБроорпН роородройрпН",tamil_english
роЗроирпНрод рокрпКрогрпНрогрпБ роороЯрпНроЯрпБроорпН родро╛ройрпН HOSTEL ро▓ роЗро░рпБроирпНродро╛ро░рпНроХро│ро╛ роЕро╡роЩрпНроХ friends роХрпЗроЯрпНроХрпНроХрпБроорпН рокрпЛродрпБ роХрогрпНроЯро┐рокрпНрокро╛роХ родрпЖро░ро┐ропрпБроорпН.,tamil_english
News роирпАроЩрпНроХ nambaringa ро▓ 75 роиро╛ро│рпН роЖройро╛ родро╛ройрпН роиро╛роЩрпНроХ cm seththathaye solluvom,tamil_english
роПройрпН school рокрпЗро░рпБ роЙройроХрпНроХрпБ родрпЖро░ро┐ропро╛родро╛ роЗро▓рпНро▓ solla роХрпВроЯро╛родро╛,tamil_english
Letter роХродрпИ роЪро░ро┐ропро╛рой роЙро░рпБроЯрпНроЯрпБ... Fees родро┐ро░рпБрокрпНрок роХрпКроЯрпБроЩрпНроХ роОройрпНро▒ роЙро░рпБроЯрпНроЯрпБ Emotional рокрпКропрпН..,tamil_english
"Maximum girls- родро╛ройрпН death роЖро╡рпБро░роЩрпНроХ school and college la.
 Maximum illam ро╡ропроЪрпБ рокрпКрогрпНрогрпБроЩрпНроХ родро╛ройрпН death роЖро╡рпБро░роЩрпНроХ.
 Maximum middle or upper middle or роПро▓рпИ роХрпБроЯрпБроорпНрок girls-родро╛ройрпН death роЖро╡рпБро░роЩрпНроХ.
Maximum hostel girls-родро╛ройрпН death роЖро╡рпБро░роЩрпНроХ.",tamil_english
Thappana school nu therinjalum thannoda kowravaththukkaga kulandhaigala indha maadhiri periya school la serththu vittu kaiyila mobile la phone um vaangikkuduththuduranga...      Madan sir innaikku nadakkura niraiya thappana visayaththukku kaaranam  peththavanga thaan.... Indha saavukku school management kaaranama irukkalam... Illa friends kaaranama irukkalam.. Illa yaara venalum irukkalam... Aana kowravaththukkaga aadambaram pannanum sondhaththukkitta nalla peru vaanganum... Ponnukku chellam kudukkanum... Pirappukku kaaranamaavanga thaan ippo irappukku kaaranamum kooda...,tanglish
"Itha patthi innum konja naal pesuvom, apparam,, TNPL, next enna movie, apdi ipdi nu atha maranthiruvom... Mannikaramo illayo, maranthiruvom....рооро▒родро┐, роТро░рпБ родрпЗроЪро┐роп ро╡ро┐ропро╛родро┐",tamil_english
роородройрпН роЕрогрпНрогро╛ роЗроирпНрод ро╕рпНро░рпАроородро┐роХрпНроХрпБ роТро░рпБ роиро┐ропро╛ропроорпН роХро┐роЯрпИроХрпНроХро╛род роЪроЯрпНроЯроорпНродро╛ройрпН роОройрпНрой рокройрпНройро┐роЯрпНроЯрпБ роЗро░рпБроХрпНроХрпБ рокро╛ро╡роорпН роЕрогрпНрогро╛ роЕроирпНрод роЕроорпНрооро╛ роЕрокрпНрокро╛ роОройроХрпНроХрпБроорпН ро░рпЖрогрпНроЯрпБ родроЩрпНроХроЪрпНроЪро┐ роЗро░рпБроХрпНроХрпБ роОрокрпНрокроЯро┐ роЕрогрпНрогро╛ роиро╛ройрпН рокро╛родрпНродрпБроХрпНроХ рокрпЛро▒ роЗрокрпНроЯро┐ роироЯроирпНрод роОройрпНрой рокрогрпНро▒родрпБ ро░рпКроорпНрок роХро╖рпНроЯрооро╛ роЗро░рпБроХрпНроХрпБ anna,tamil_english
"Love,, you,, anna,, ЁЯШШ thanks anna pesunathukku",tanglish
Mass thalaЁЯТУЁЯШнЁЯТФ,tanglish
Thala neenga video podirathu periyavisiyam illa ana antha ponnukku neethi kidaikkanum saringala athukku enna Pannanumo atha pannunga saringala..summa ungalukku content illanu itha pannathinga.... Srimathi??????!??????????????!!!!!!??????,tanglish
"Nanum 11th 12th matriculation school hostel la padichan.., school la join pannumbothu fees vangikitu serthukitanga aana na lower caste ponnu enkuda na padicha school la neraya partners ah govt school staffs serndhu run panitu vandhanga, avanga own  caste students ku mattum thaan care eaduthu teach pannunanga.. Even nana padichu exams la nalla pannunalum ellamea wrong nu solli and na eadhu pannunalum thappu.. Nee waste nu demotivate mattum thaan pannunanga.. And fees pay pana late aana reason ku ellaru munnadiyum exam ealudha vidama parents oda economical growth ah asingama pesunanga.. Andha day night nanum hostel la en note la suicide letter ealudhina.., but en amma mattum eapavumea nenachu parpen athanala suicide letter ah kilichu potuta..., Ellarukum ena solla vara na.. Iniku mari naal nalaiku irukadhu.. Ellarukum amma irupanga avangaluku nama enava irundhalum pudikum vitu po matanga.. So students suicide lam venam. And school management ku ena solla vara na. Neenga fees vanguringa dedication ah teach panna mudiyalanalum paravala... Inoruthanga life illama porathuku karanama irukadhinga.. Matriculation school ku theva fees and publicity.. Eapdi pathalum oru school nu eaduthukita maximum 5 students thaan cen percent mark scorer ah irupanga oru oru manushanukum life different ah irukum.. Yaro oruthar thaan PM, CM, MLA, MP and Engineer doctor, agri epdi different field iruku akkara irundha anba pesunga neenga vaangura kaasu parents kastapattu padika vekka ungala nambi ungaluku avanga kudukara salary.. Atha vangikitu avanga kolandhaingalaea kola pannadhinga.. Last ah oru vishayam en school la biology student thaan best computer science students lam waste nu onu create pani periya partiality lam create pannunanga.. Self respect ea pogum edha epo nenachu pathalea chi evlo cheap aana teachers lam innum irukanga nu aruverupa iruku. Any way entha ponnukum avanga parents kum pls justice kudukarathoda niruthama... Foreign la maximum schools ellamea government mattum thaan run panranga athu mari inga india la yum schools nu irundhalea adhu government thaan nu mathunga.. Apo thaan ellaru veetlayum nimathiya iruka роорпБроЯро┐ропрпБроорпН and entha mari endha ponno paiyano suicide panikama thadukalam.",tamil_english
Super sir ЁЯСН .. miss you baby тЭдя╕П,tanglish
роТроорпНрооро╛ро│ ропро╛ро░рпБ  роЪрпЖродрпНродро╛ро▓рпБроорпН ро▓рпЖроЯрпНроЯро░рпН  роороЯрпНроЯрпБроорпН роХро░роЯрпНроЯро╛ роХрогрпНроЯрпБ  рокрпБроЯро┐рокрпНрокро╛роЩрпНроХ  родрооро┐ро┤рпНроиро╛роЯрпБ police.... Nobu police... роХрпБро▒рпНро▒роорпН  рокрогрпНрогро╡рой роХрогрпНроЯрпБ  рокрпБроЯро┐роХрпНроХ  рооро╛роЯрпНроЯро╛роЩрпНроХ  ропро╛  ройро╛  letter роОроЩрпНроХ  роЗро░рпБроХрпНроХрпБройрпБ   роЕрод  роХро░роЯрпНроЯро╛ роОроЯрпБрокрпНрокро╛роЩрпНроХ ..  ЁЯШбЁЯШбЁЯШбЁЯШбЁЯШбЁЯШбтЪФя╕ПтЪФя╕ПтЪФя╕ПтЪФя╕ПтЪФя╕ПтЪФя╕ПтЪФя╕ПтЪФя╕ПтЪФя╕ПЁЯШ░ЁЯШ░ЁЯШ░ЁЯШ░ЁЯШ░ rip srimathi,tamil_english
Private schools la mattum dhan indha maadhiri problems varum government schools la indha maadhiri problems varadhu роЕродрпБроороЯрпНроЯрпБрооро┐ро▓рпНро▓ро╛рооро▓рпН sila parents родроЩрпНроХро│рпБроЯрпИроп роХрпМро░ро╡ро░рпНродро┐ро▒рпНроХро╛роХ роХрпБро┤роирпНродрпИроХро│рпИ родройро┐ропро╛ро░рпН рокро│рпНро│ро┐ропро┐ро▓рпН роЪрпЗро░рпНроХрпНроХро┐ро▒ро╛ро░рпНроХро│рпН роХро▓рпНро╡ро┐ роОро▓рпНро▓ро╛ рокро│рпНро│ро┐роХро│ро┐ро▓рпБроорпН роХро▒рпНрокро┐роХрпНроХрокрпНрокроЯрпБроорпН роОройрпНрокродрпИ роиро┐ройрпИро╡рпБ роХрпВро░рпНроирпНродрпБ родроЩрпНроХро│рпН роХрпБро┤роирпНродрпИроХро│рпИ роиро▓рпНро▓ рокро│рпНро│ро┐ропро┐ро▓рпН роЪрпЗро░рпБроЩрпНроХро│рпН роЗродрпБ рокрпЛройрпНро▒ рокро┐ро░роЯрпНроЪройрпИроХро│рпН ро╡ро░ро╛родрпБ ро╡рпАройрпН роХрпМро░ро╡родрпНродрпИ ро╡ро┐роЯрпНроЯрпБ ро╡ро┐роЯрпБроЩрпНроХро│рпН,tamil_english
роЕроирпНрод  ро▓рпЖроЯрпНроЯро░рпН ra antha рокрпКрогрпНрогрпБродро╛  роОро┤рпБродрпБроЪрпНроЪро┐ройрпБ  роЖродро╛ро░роорпН  роЗро░рпБроХрпНроХро╛ рокрпНро░рпЛ... ропро╛  роЕроирпНрод   рокрпКрогрпНрог  ропро╛ро░ро╡родрпБ  рооро┐ро░роЯрпНроЯро┐ ро▓рпЖроЯрпНроЯро░рпН роОро┤рпБрод ро╡роЪрпНроЪро┐ро░рпБроХрпНроХро▓ро╛роорпН .. роОройрпНройроЯро╛  ропро╛ро░рпБ  роЪрпЖродрпНродро╛ро▓рпБроорпН  letter роХро┐роЯрпИроЪрпНроЪро┐ро░рпБроХрпНроХрпБ  рооропро┐ро▒рпБ роХроЯроЪрпНроЪро┐ро░рпБроХрпНроХрпБройрпБ  роЪрпКро▓рпНро▓ро▒рпАроЩрпНроХ  school la роЕроирпНрод  рокрпКрогрпНрогрпБ  роХрпВроЯ  роЗро░рпБроирпНрод  рокроЪроЩрпНроХ  роХро┐роЯрпНроЯ роХрпЗроХрпНроХ ро▓ро╛роорпН  роЗро▓рпНро▓  роЕроирпНрод  рокрпКрогрпНрогрпБ роЗро░рпБроирпНрод  ропроЯродрпНродрпБро▓  роХрпЗрооро░ро╛  роЗро▓рпНро▓ роЗроирпНрод  роЙро▓роХроорпЗ рокрогроорпН  роЖроЪ рокрпБроЯро┐роЪрпНроЪ роЙро▓роХроорпН ЁЯШбЁЯШбЁЯШбЁЯШбЁЯШбЁЯШб i a m law student роороХрпНроХро│  рокро╛родрпБ роХро╛роХрпНроХ родро╛  government родро╡ро▒рпБ  роЪрпЖропрпНро▒ро╡роЩрпНроХро│рпБроХрпНроХрпБ  support рокрогрпНрог  illa роТро░рпБ  ро╡ро╛роЯрпНроЯро┐  ропро╛ро╡родрпБ  роЙрогрпНроорпИроп роХрогрпНроЯрпБ рокрпБроЯрпБроЪрпНроЪро┐  роиро╛ропрпНроХро│рпИ роЪрпБроЯрпНроЯрпБ родро│рпНро│рпБроЩрпНроХ daa тЪФя╕ПтЪФя╕ПтЪФя╕ПтЪФя╕ПтЪФя╕ПтЪФя╕ПтЪФя╕ПтЪФя╕ПЁЯШ░ЁЯШ░ЁЯШ░ЁЯШ░ЁЯШ░ЁЯШ░ЁЯШ░ЁЯШ░ЁЯШ░ЁЯШ░ rip srimathi  роТройрпНройрпБроорпН  родрпЖро░ро┐ропро╛род  рооро╛родро┐ро░ро┐ роироЯро┐рокрпНрокро╛ройрпБроХ   kena рокрпБрогрпНроЯрпИроЩрпНроХ ЁЯШбЁЯШбЁЯШбЁЯШбЁЯШбЁЯШбЁЯШбЁЯШбЁЯШбЁЯШбЁЯШбЁЯШбЁЯШбЁЯШбЁЯШбЁЯШбЁЯШбЁЯШбЁЯШбЁЯШбЁЯШбЁЯШбЁЯШбтЪФя╕ПтЪФя╕ПтЪФя╕ПтЪФя╕П,tamil_english
Madan Thanks pa роЗроирпНрод рокрпЖрогрпН рокро▒рпНро▒ро┐ рокрпЗроЪро┐ропродро▒рпНроХрпБ роиройрпНро▒ро┐ рокро╛,tamil_english
роЕрогрпНрогро╛ роЯрпАроЪрпНроЪро░рпН рокроЯро┐роХрпНроХ роЪрпКройрпНройро╛роЩрпНроХ родро╛рой ро╢рпНро░рпАроородро┐ родро░рпН роХрпКро▓рпИ рокрогрпНрогро╛роЩрпНроХ роЕроирпНрод рокрпКрогрпНрогрпБроХрпНроХрпБ рокроЯро┐роХрпНроХ родрпЖро░ро┐ропрпБроорпН illa na epadi +1 pass рокрогрпНрогро╛роЩрпНроХ ро╢рпНро░рпАроородро┐ mark sheet and test paper рокро╛роХрпНроХ роЪрпКро▓рпНро▓рпБроЩрпНроХ pls,tamil_english
"Oru teacher naai pannura velaila, matha nalla nalla teachers life and family kettu pogudhu",tanglish
роЕрокрпНрок родро╛ роЙрогрпНроорпИ родрпЖро░ро┐ропрпБроорпН pls роЕрогрпНрогро╛,tamil_english
роЗродрпИ рооро╛родро┐ро░ро┐ роЕроЯро┐родрпНродрпБ роирпЛро░ро┐роХрпНроХро┐ройро╛ро▓рпН роорпЗро▓рпБроорпН родро╡ро▒рпБ роЪрпЖропрпНроп рооро╛роЯрпНроЯро╛ро░рпНроХро│рпН management роЯрпИ роХроЯрпНроЯро┐ ро╡рпИродрпНродрпБ родрпА ро╡рпИроХрпНроХ ро╡рпЗрогрпНроЯрпБроорпН,tamil_english
роОройроХрпНроХрпБ роТро░рпБ роЪроирпНродрпЗроХроорпН рпороирпНрод рокро│рпНро│ро┐ропро┐ро▓рпН CCTV camara роЗро▓рпНро▓рпИропро╛,tamil_english
"роЗро╡рпНро╡ро▓рпЛ роЪрпКройрпНрой роЙрогрпНрогро╛ро▓ School рокрпЗро░рпН роЪрпКро▓рпНро▓ роорпБроЯрпБропро▓, роЗро▓рпНро▓ рокрпЗро░рпЗ родрпЖро░ро┐ропро╛роо рокрпЗроЪро░ропро╛",tamil_english
"College layum ipditha sila staff pannuvanga... Ponnungala pasanga munnadi bad ah thittuvanga.... Important penalty ndra name la yellathukum money chilllll reasons ku kooda..... Avangala pathi management la report panna angayum students mu support irukathu.... Last ah yenga mark tha pothukum nalla exam yeluthirunthalum.... 


Education system ah ve mathanum....ЁЯЩВ",tanglish
Ivlo naal neenga TN news la soltra visayangala mattum sollala.. but ipo ipdi pesurathu nalla illa.. Unga videos ah neraya per pakuranga...  So truth enna irukunu correct ah pesunga..,tanglish
роЪро┐ройро┐рооро╛ роЕро░роЪро┐ропро▓рпН роОро▓рпНро▓ро╛ро░рпБроорпН роХрпКрогрпНроЯрпБроЩрпНроХ but роиро╛роЯрпНроЯрпБ роироЯроХрпНроХрпБро▒ роЕроиро┐ропро╛ропроорпН родроЯрпНроЯро┐ роХрпЗроЯрпНроХро╛родрпАроЩрпНроХ  kallakurichi рокро│рпНро│ро┐ рооро╛рогро╡ро┐ srimati роЙропро┐ро▒рпБроХрпНроХрпБ рокрпЛройродрпБроХрпНроХрпБ  рокрпЛро░ро╛роЯрпБроЩрпНроХро│рпН,tamil_english
роЪро┐ройро┐рооро╛ роЕро░роЪро┐ропро▓рпН роОро▓рпНро▓ро╛ро░рпБроорпН роХрпКрогрпНроЯрпБроЩрпНроХ but роиро╛роЯрпНроЯрпБ роироЯроХрпНроХрпБро▒ роЕроиро┐ропро╛ропроорпН родроЯрпНроЯро┐ роХрпЗроЯрпНроХро╛родрпАроЩрпНроХ  kallakurichi рокро│рпНро│ро┐ рооро╛рогро╡ро┐ srimati роЙропро┐ро▒рпБроХрпНроХрпБ рокрпЛройродрпБроХрпНроХрпБ  рокрпЛро░ро╛роЯрпБроЩрпНроХро│рпН,tamil_english
роЪро┐ройро┐рооро╛ роЕро░роЪро┐ропро▓рпН роОро▓рпНро▓ро╛ро░рпБроорпН роХрпКрогрпНроЯрпБроЩрпНроХ but роиро╛роЯрпНроЯрпБ роироЯроХрпНроХрпБро▒ роЕроиро┐ропро╛ропроорпН родроЯрпНроЯро┐ роХрпЗроЯрпНроХро╛родрпАроЩрпНроХ  kallakurichi рокро│рпНро│ро┐ рооро╛рогро╡ро┐ srimati роЙропро┐ро▒рпБроХрпНроХрпБ рокрпЛройродрпБроХрпНроХрпБ  рокрпЛро░ро╛роЯрпБроЩрпНроХро│рпН,tamil_english
роЪро┐ройро┐рооро╛ роЕро░роЪро┐ропро▓рпН роОро▓рпНро▓ро╛ро░рпБроорпН роХрпКрогрпНроЯрпБроЩрпНроХ but роиро╛роЯрпНроЯрпБ роироЯроХрпНроХрпБро▒ роЕроиро┐ропро╛ропроорпН родроЯрпНроЯро┐ роХрпЗроЯрпНроХро╛родрпАроЩрпНроХ  kallakurichi рокро│рпНро│ро┐ рооро╛рогро╡ро┐ srimati роЙропро┐ро▒рпБроХрпНроХрпБ рокрпЛройродрпБроХрпНроХрпБ  рокрпЛро░ро╛роЯрпБроЩрпНроХро│рпН,tamil_english
роЪро┐ройро┐рооро╛ роЕро░роЪро┐ропро▓рпН роОро▓рпНро▓ро╛ро░рпБроорпН роХрпКрогрпНроЯрпБроЩрпНроХ but роиро╛роЯрпНроЯрпБ роироЯроХрпНроХрпБро▒ роЕроиро┐ропро╛ропроорпН родроЯрпНроЯро┐ роХрпЗроЯрпНроХро╛родрпАроЩрпНроХ  kallakurichi рокро│рпНро│ро┐ рооро╛рогро╡ро┐ srimati роЙропро┐ро▒рпБроХрпНроХрпБ рокрпЛройродрпБроХрпНроХрпБ  рокрпЛро░ро╛роЯрпБроЩрпНроХро│рпН,tamil_english
роЪро┐ройро┐рооро╛ роЕро░роЪро┐ропро▓рпН роОро▓рпНро▓ро╛ро░рпБроорпН роХрпКрогрпНроЯрпБроЩрпНроХ but роиро╛роЯрпНроЯрпБ роироЯроХрпНроХрпБро▒ роЕроиро┐ропро╛ропроорпН родроЯрпНроЯро┐ роХрпЗроЯрпНроХро╛родрпАроЩрпНроХ  kallakurichi рокро│рпНро│ро┐ рооро╛рогро╡ро┐ srimati роЙропро┐ро▒рпБроХрпНроХрпБ рокрпЛройродрпБроХрпНроХрпБ  рокрпЛро░ро╛роЯрпБроЩрпНроХро│рпН,tamil_english
@marisri2950┬а     роЗродрпБ рокрпЛро▓рпН ро╡рпЗро▒рпБ роОроирпНрод рокрпЖрогрпНрогрпБроХрпНроХрпБроорпН роЗройро┐ роироЯроХрпНроХроХрпВроЯро╛родрпБ,tamil_english
роЙрогрпНроорпИ brooo,tamil_english
роЪро┐ройро┐рооро╛ роЕро░роЪро┐ропро▓рпН роОро▓рпНро▓ро╛ро░рпБроорпН роХрпКрогрпНроЯрпБроЩрпНроХ but роиро╛роЯрпНроЯрпБ роироЯроХрпНроХрпБро▒ роЕроиро┐ропро╛ропроорпН родроЯрпНроЯро┐ роХрпЗроЯрпНроХро╛родрпАроЩрпНроХ  kallakurichi рокро│рпНро│ро┐ рооро╛рогро╡ро┐ srimati роЙропро┐ро▒рпБроХрпНроХрпБ рокрпЛройродрпБроХрпНроХрпБ  рокрпЛро░ро╛роЯрпБроЩрпНроХро│рпН,tamil_english
роЪро┐ройро┐рооро╛ роЕро░роЪро┐ропро▓рпН роОро▓рпНро▓ро╛ро░рпБроорпН роХрпКрогрпНроЯрпБроЩрпНроХ but роиро╛роЯрпНроЯрпБ роироЯроХрпНроХрпБро▒ роЕроиро┐ропро╛ропроорпН родроЯрпНроЯро┐ роХрпЗроЯрпНроХро╛родрпАроЩрпНроХ  kallakurichi рокро│рпНро│ро┐ рооро╛рогро╡ро┐ srimati роЙропро┐ро▒рпБроХрпНроХрпБ рокрпЛройродрпБроХрпНроХрпБ  рокрпЛро░ро╛роЯрпБроЩрпНроХро│рпН,tamil_english
роЪро┐ройро┐рооро╛ роЕро░роЪро┐ропро▓рпН роОро▓рпНро▓ро╛ро░рпБроорпН роХрпКрогрпНроЯрпБроЩрпНроХ but роиро╛роЯрпНроЯрпБ роироЯроХрпНроХрпБро▒ роЕроиро┐ропро╛ропроорпН родроЯрпНроЯро┐ роХрпЗроЯрпНроХро╛родрпАроЩрпНроХ  kallakurichi рокро│рпНро│ро┐ рооро╛рогро╡ро┐ srimati роЙропро┐ро▒рпБроХрпНроХрпБ рокрпЛройродрпБроХрпНроХрпБ  рокрпЛро░ро╛роЯрпБроЩрпНроХро│рпН,tamil_english
роЪро┐ройро┐рооро╛ роЕро░роЪро┐ропро▓рпН роОро▓рпНро▓ро╛ро░рпБроорпН роХрпКрогрпНроЯрпБроЩрпНроХ but роиро╛роЯрпНроЯрпБ роироЯроХрпНроХрпБро▒ роЕроиро┐ропро╛ропроорпН родроЯрпНроЯро┐ роХрпЗроЯрпНроХро╛родрпАроЩрпНроХ  kallakurichi рокро│рпНро│ро┐ рооро╛рогро╡ро┐ srimati роЙропро┐ро▒рпБроХрпНроХрпБ рокрпЛройродрпБроХрпНроХрпБ  рокрпЛро░ро╛роЯрпБроЩрпНроХро│рпН,tamil_english
роЖроЪро┐ро░ро┐ропро░рпН  srimathiya thitunathu romba thapu..... Bro,tamil_english
Ama bro teachers epola sarila schl la naane epo dha schl finish panna indha 12 epo da mudipom nu feel vanduruchu avlo pressure kudukuranga pressure mattum kuduta paravala ana oru student mentally odanju pora alavuku teachers pesuranga nane depression ku pora alavuku poita enakum suside thoughts vanduruku teachers pesura words naala avlo kastama erukum naanum parents ta sonna avanga vandhu schl la kekum podhu teachers solranga na summa dha nalla padikanum nu sonna appadi la solla ve illa nu maaritanga government sollirukanga students ah adika kudadhu nu but teachers adikiranga neegha nariya Pearu sluvinga unga nalladhuku dha adikiranga nu but chinna chinna visiyatuku maadu maari animals maari adikiranga stick la aduchu oru naal ennoda kaila la veengiruchu kai kaal la oru talumbu punnu na 6 th padikum podhu appadi adipanga oru 6 th student oru kolandai nu kuda paaka maatanga students oda feelings ah care pannika maatanga neela padikiradhuku laaike illa nu students ah teachers se kevalama pesi decide pannuvanga indha education system sarila bro edhu patti pesunga education system strong ah erukanum students ah mentally torture pannadinga,tanglish
роЕро░рпБроорпИ... роЗрокрпНрокрпЛ Schools la роОро╡рпНро│рпЛ problems ро╡роирпНродро╛ро▓рпБроорпН роирпЖро▒рпИроп parents роироороХрпНроХрпБ роОродрпБроХрпНроХрпБройрпБ рокрпЛро░ро╛роЩрпНроХ... роиро╛роо question рокройрпНройро╛ роироорпНроо роХрпБро┤роирпНродрпИроп school teachers target рокрогрпНрогрпБро╡ро╛роЩрпНроХ роирпБ роЕроорпИродро┐ропро╛ рокрпЛро▒ро╛роЩрпНроХ... Kindness care роОро▓рпНро▓ро╛роорпН роЗрокрпНрокрпЛ роЗро▓рпНро▓рпИ only business minded people...,tamil_english
ропро╛ро░рпБ роорпЗро▓ родрокрпНрокрпБройрпНройрпБ роЪрпКро▓рпНро▓роорпБроЯро┐ропро╛родрпБроЩрпНроХрпБро▒ роЕрокрпНрокро▒роорпН роОродрпБроХрпНроХрпБ рокрпКрогрпНрогрпБ рокрпЗро░ роЪрпКро▓рпНро░. роЗрокрпНрок school рокрпЗро░ роЪрпКройрпНройро╛ роЪро╛роХроЯро┐роХрпНроХро╡ро╛ рокрпЛро░ро╛роЩрпНроХ. роЕроирпНрод рокрпКрогрпНрогрпБ State first роОроЯрпБродрпНродро┐ро░рпБроирпНродро╛ро▓рпН роЕрокрпНрокро╡рпБроорпН school рокрпЗро░ роЪрпКро▓рпНро▓ рооро╛роЯрпНроЯро┐роЩрпНроХро│ро╛?,tamil_english
Ella media um роЕроирпНрод ops eps problem ah yaaru first kaaturom ngra oru kevalam thaan nadakuthu,tamil_english
Sariyana роирпАродро┐ kitaikanum  antha  papa kuЁЯШнЁЯШнЁЯШнЁЯЗ▒ЁЯЗ░,tamil_english
Police роирпАродро┐ропро╛рой роорпБро▒рпИропро┐ро▓рпН роЪрпЖропро▓рпН рокроЯро╛ ро╡ро┐роЯрпНроЯро╛ро▓рпН роЗроирпНрод роЖроЯрпНроЪро┐ропро┐ройрпН роорпАродрпБ роЗро░рпБроХрпНроХрпБроорпН роироорпНрокро┐роХрпНроХрпИ роороХрпНроХро│рпБроХрпНроХрпБ рокрпЛропрпН ро╡ро┐роЯрпБроорпН. рокро┐ро│рпНро│рпИроХро│рпИ рокрпЖро▒рпНро▒ рокрпЖро▒рпНро▒рпЛро░рпН роЗрокрпНрокроЯро┐ родро╡ро┐рокрпНрокродрпБ ро╡ро╛роЯро┐роХрпНроХрпИ роЖроХро┐ ро╡ро░рпБроХро┐ро▒родрпБ. рокрогроорпН роЗро░рпБроирпНродро╛ рооро▒рпИродрпНродрпБ ро╡ро┐роЯро▓ро╛роорпН роОройрпНро▒рпБ роиро┐ройрпИроХрпНроХрпБроорпН рокро│рпНро│ро┐роХро│рпБроХрпНроХрпБ рокро╛роЯроорпН рокрпБроХроЯрпНроЯ ро╡рпЗрогрпНроЯрпБроорпН. роЙрогрпНроорпИропро┐ро▓рпН роЕро╡ро░рпНроХро│рпН роорпАродрпБ родро╡ро▒рпБ роЗро░рпБроирпНродро╛ро▓рпН.,tamil_english
ро╡ро┐роЯро╛родрпАроЩрпНроХ tamilnaadu makkalea,tamil_english
Thanks annaЁЯШнЁЯШнЁЯШнЁЯШн,tanglish
роорпБродро▓рпНро▓ роЗроирпНрод fraud a arrest panni ulla podanum.TRP роХрпНроХро╛роХ  роХро▓ро╡ро░родрпНродрпИ родрпВрогрпНроЯрпБроорпН ро╡роХрпИропро┐ро▓рпН рокрпЗроЪрпБро╡родрпБ..,tamil_english
"ропро╛ро░рпБроорпН рокрпЗроЪро╛род ро╡ро┐ро╖ропроЩрпНроХро│рпИ роирпАроЩрпНроХ рокрпЗроЪрпБро▒рпАроЩрпНроХ... роиройрпНро▒ро┐ Brother.
ро╕рпНро░рпАроородро┐ропро┐ройрпН рооро░рогродрпНродро┐ройрпН роЙрогрпНроорпИроХро│рпН ро╡рпЖро│ро┐ро╡ро░ро╡рпЗрогрпНроЯрпБроорпН.родрпКроЯро░рпНроирпНродрпБ рокродро┐ро╡ро┐роЯрпБроЩрпНроХро│рпН.",tamil_english
"@mg bro, please nalla analysis panni video post pannunga, we are waiting for your clear detail information about this case",tanglish
Insha Allah роЕро▓рпНро▓ро╛ро╣рпН рокро╛родрпБроХро╛рокрпНрокро╛ройрпН,tamil_english
"ро╕рпНро░рпАроородро┐ родроЩрпНроХрпИ роЗро▒роирпНрод роЗроЯродрпНродро┐ро▓рпН роЗро▒роирпНрод роирпЗро░родрпНродро┐ро▓рпН роЕроЩрпНроХрпБ роЗро░рпБроирпНрод( mobile phones trash )роЪрпЖропрпНропрпБроЩрпНроХро│рпН .

Cctv footage (hardisk recovery) panni paruga.
Delete pannirupaga",tamil_english
Super super sir thank you,tanglish
"Na padicha private school kuda apudi tha namakulla ulla capacity ah velila kuda theriyama nambala apudiye oram katti compare panni pesuvanga ne padika matta neelam enga urupuda pore nu soliye mattam thattuvanga atha intha private schools mostly pannuvanvga anga padika kulla 200+ tha last rank ipudi tha varuven aprm na sslc padika kulla government school maritan anga poi tha ennoda capacity ennanu enaikae therinjichi 10 la 400+ marks eduthan then 11 thla na padicha private school pasanga en kuda government school ah join pannaga en mark ah ketu ellam shock neeya epudi evolo mark edutha neela yepudi padicha nu apo amangada itha en mark nu getha nadanthu vathan 


Namba students encourage pannaum oru nalla padikire pasangala vachi results katturathula success ila  padikatha pasangala vachi namba results katanum atha unmayana success ithu en sir sonathu

Now iam a teacher

Intha ulagathula namba enna kudukuromo atha namaiku thirumba kedaikum ЁЯЩП",tanglish
тШ╣я╕ПтШ╣я╕ПтШ╣я╕ПBro  роОро▓рпНро▓ро╛ роЪрпЖропрпНродро┐ропрпИ рокрпЛройрпНро▒рпБроорпН роЗродрпБро╡рпБроорпН роТройрпНро▒рпБ роЗро▓рпНро▓ро╛рооро▓рпН роорпБроЯро┐ропрпБроорпН...роЗро▓рпНро▓рпИрогрпНрог  роирпАроЩрпНроХро│рпЗ рокро╛ро░рпБроЩрпНроХро│рпН тШ╣я╕ПЁЯе║ЁЯе║ (ЁЯТ╕ЁЯТ░ рокрогроорпН роОродрпИропрпБроорпН роЪрпЖропрпНропрпБроорпН ЁЯТд,tamil_english
Nampa padikera Nala arivu valarapovathu ila idhu ellam asai idhula oru vishaiam iruku nalla sampathikalam apram people  always lousar,tanglish
роЗройро┐ роЪрпЖропрпНродро┐родро╛ро│рпН ропро╛ро░рпБроорпН ро╡ро╛роЩрпНроХро╡рпЗ ро╡рпЗрогрпНроЯроорпН ЁЯЩПЁЯЩПЁЯЩПЁЯЩПnews paper news TV ЁЯУ║  vandam,tamil_english
"роЗро╡рпНро╡ро│ро╡рпБ рокрпЖро░ро┐роп school ро▓ camera роЗро░рпБроХрпНроХро╛родро╛ родро▒рпНроХрпКро▓рпИ роЪрпЖропрпНродрпБ роЗро░рпБроирпНродро╛ро▓рпН ро╡рпАроЯро┐ропрпЛ роХро╛роЯрпНроЪро┐роХро│рпН роХро╛рогрпНрокро┐родрпНродрпБ роиро┐ро░рпВрокро┐родрпНродрпБ роЗро░рпБроХрпНроХро▓ро╛роорпН Srimathi роЗройрпН suicide letter police роЗ роЯроорпН роХрпКроЯрпБродрпНродро╡ро░рпНроХро│рпН  recorded video,cctv photage yaen роХрпКроЯрпБроХрпНроХро╡ро┐ро▓рпНро▓рпИ. роЪро░ро┐ропро╛рой роЖродро╛ро░роорпН роХро╛ройрпНрокро┐роХрпНроХрооро▓рпН рокрпЖро▒рпНро▒рпЛро░рпНроХро│рпН рооройроорпН роОрокрпНрокроЯро┐ роПро▒рпНро▒рпБроХрпНроХрпКро│рпНро│рпБроорпН justice for Srimathi. Andha родро╛ропро┐ройрпН роиро┐ро▓роорпИ рокро▒рпНро▒ро┐ ропрпЛроЪро┐родрпНродро╛ро▓рпН роИро░роХрпБро│рпИропрпЗ роироЯрпБроЩрпНроХрпБроХро┐ро▒родрпБ. роЕроирпНрод роХрпБро┤роирпНродрпИ роОрокрпНрокроЯро┐, роОройрпНрой рокро╛роЯрпБрокроЯрпНроЯрпБ роЗро▒роирпНродродрпЛ, роЕроирпНрод роХрпБроЯрпБроорпНрокроорпН роОрокрпНрокроЯро┐ роЗродрпИ  ропрпЗро▒рпНро▒рпБроХрпКро│рпНро│рпБроорпН justice for Srimathi. ЁЯШвЁЯШвЁЯШвЁЯШвЁЯШвЁЯМ╣ЁЯМ╣ЁЯМ╣ЁЯМ╣ЁЯМ╣ЁЯМ╣ЁЯМ╣ЁЯМ╣ЁЯМ╣RIP Om роЪро╛роирпНродро┐",tamil_english
Anna thanks...anna,tanglish
Press роЙрогрпНроорпИропро╛роХ роЗро░рпБроирпНродро╛ро▓рпН роЗроирпНрод роиро╛роЯрпНроЯро┐ро▓рпН родрокрпНрокрпЗроироЯроХрпНроХро╛родрпБ,tamil_english
роОройрпНрой роородройрпН роЗройрпНройро┐роХрпНроХрпБ роироЯроирпНрод kalavaara роХро╛ро░рогроорпН роЗроирпНрод video than reason u soluuranga,tamil_english
родрооро┐ро┤рпНроиро╛роЯрпНроЯро┐ро▓рпН роорпАроЯро┐ропро╛ роиропройрпНродро╛ро░ро╛ first night роироЯродрпНродрпБроЪрпНроЪро╛ роЗро▓рпНро▓рпИ роЖро░ро╛ропрпНроЪрпНроЪро┐ родро╛ройрпН рокрогрпНрогрпБро╡роЩрпНроХ  роорпАроЯро┐ропро╛ роЕройрпИродрпНродрпБ роХро╛ро░рпНрокрпНрокро░рпЗроЯрпН  роорпБродро▓рпИроХро│рпН,tamil_english
Media роЖро│рпБроорпН роХроЯрпНроЪро┐ роОрокрпНроЯро┐ рокрпЗроЪрпБро╡ро╛ройрпН,tamil_english
роХро│рпНро│роХрпНроХрпБро▒ро┐роЪрпНроЪро┐ роХро╛ро╡ро▓рпНродрпБро▒рпИ SP ропрпИ роХрпБро▒рпНро▒ро╡ро╛ро│ро┐ропро╛роХ ро╡ро┐роЪро╛ро░ро┐родрпНродро╛ро▓рпЗ роЙрогрпНроорпИ ро╡ро┐ро│роЩрпНроХрпБроорпН.,tamil_english
роЕрогрпНрогро╛ роирпАроЩрпНроХ роЙрогрпНроорпИропро╛рой ро╣рпАро░рпЛ роЕрогрпНрогро╛..... ЁЯШШ thank you So Muck annaЁЯШШЁЯТп,tamil_english
роЗроирпНрод ро╡рпАроЯро┐ропрпЛро╡рпИ рокроХро┐ро░рпБроЩрпНроХро│рпН роЗродройро╛ро▓рпН родро╡ро▒рпБ роХрпБро▒рпИропрпБрооро╛  родрпЖро░ро┐ропро▓  роЖройро╛ рокроХро┐ро░рпБроЩрпНроХро│рпН pla,tamil_english
"родроЩрпНроХро│ро┐ройрпН роЪроорпВроХ рокрпЖро░рпБроорпИроХрпНроХро╛роХ родройрпН рокро┐ро│рпНро│рпИроХро│рпИ ро╡рпЖро│ро┐ропрпВро░рпН ро╡ро┐роЯрпБродро┐роХро│ро┐ро▓рпН роЪрпЗро░рпНродрпНродрпБро╡ро┐роЯрпНроЯрпБ. родройрпН рокро┐ро│рпНро│рпИроХро│рпЛроЯрпБ роирпЗро░роЯро┐ родрпКроЯро░рпНрокрпИ роЗро┤роирпНродродрпБ роороЯрпНроЯрпБроорпН роЕро▓рпНро▓ро╛рооро▓рпН. роТройрпНро▒ро┐ро▒рпНроХрпБроорпН роЙродро╡ро╛род TV роиро╛роЯроХроЩрпНроХро│рпЛроЯрпБроорпН, родрпКроЯро░рпНроХро│рпЛроЯрпБроорпН родрпКроЯро░рпНроирпНродрпБ родрпКроЯро░рпНрокро┐ро▓рпН роЗро░рпБроХрпНроХрпБроорпН родро░роорпН роХрпЖроЯрпНроЯ рооро▒рпНро▒рпБроорпН родроХрпБродро┐ропро▒рпНро▒ рокрпЖро▒рпНро▒рпЛро░рпНроХро│рпН роЙро│рпНро│ ро╡ро░рпИ роХро│рпНро│роХрпНроХрпБро▒ро┐роЪрпНроЪро┐ рокрпЛройрпНро▒ роЪроорпНрокро╡роЩрпНроХро│рпН родрпКроЯро░рпНроирпНродрпБ роХрпКрогрпНроЯрпБ родро╛ройрпН роЗро░рпБроХрпНроХрпБроорпН.
Negativity роЕ роороЯрпНроЯрпБроорпЗ рокро░рокрпНрокрпБроорпН роТро░рпБро╡ро░рпН роХрпВроЯ роиро▓рпНроХрпБроЯрпБроорпНрок роЪрпАро░роорпИрокрпНрокрпБ рокро▒рпНро▒ро┐ рокрпЗроЪро╡рпБроорпН рооро╛роЯрпНроЯрпАро░рпНроХро│рпН, роХроЯрпИрокро┐роЯро┐роХрпНроХро╡рпБроорпН рооро╛роЯрпНроЯрпАро░рпНроХро│рпН.",tamil_english
"роХрпБро┤роирпНродрпИроЩрпНроХ рооро╛ро░рпНроХрпН ро╡ро╛роЩрпНроХрогрпБроорпН..ройрпБ родро╛ройрпЗ роЕройрпБрокрпНрокро░рпАроЩрпНроХ.. роЕродрпБро╡рпЗ роорпБродро▓рпНро▓ родрокрпНрокрпБ.. why you need an international school.. have they produced any scientist, mathematician, economist ? роТро░рпБ роОро┤ро╡рпБроорпН роЗро▓рпНро▓..  рокро┐ройрпНрой роОройрпНрой ро╡рпЖроЩрпНроХро╛ропродрпНродрпБроХрпНроХрпБ роЕроЩрпНроХ рокрпЛропрпН роЪрпЗроХрпНроХрпБро▒рпАроЩрпНроХ..  роЗроЩрпНроХ роороХрпНроХро│рпН рооро╛ро▒ро╛родро╡ро░рпИ роОродрпБро╡рпБроорпН рооро╛ро▒ро╛родрпБ. рокро│рпНро│ро┐ , роХро▓рпНро▓рпВро░ро┐роХро│рпН ро╡ро┐ропро╛рокро╛ро░рооропрооро╛роХро┐ рокро▓ ро╡ро░рпБроЯроЩрпНроХро│рпН роЖроЪрпНроЪрпБ.. ро╡рпАроЯро┐ропрпЛ..ро▓ рокро╛родрпНродро╛ роЕроирпНрод рокро│рпНро│ро┐.. ро╕рпНроЯро╛ро░рпН ро╣рпЛроЯрпНроЯро▓рпН  рооро╛родро┐ро░ро┐ роЗро░рпБроХрпНроХрпБ.. роЗроирпНрод рооро╛родро┐ро░ро┐ рокро│рпНро│ро┐ роЗро░рпБроирпНродро╛ родро╛ройрпН роЪрпЗро░рпНрокрпНрокрпАроЩрпНроХро│ро╛ ? роЖроорпН роОройрпНро▒ро╛ро▓рпН.. роироорпН рокро┐ро│рпНро│рпИроХро│рпН роЪрокро┐роХрпНроХрокрпНрокроЯрпНроЯро╡ро░рпНроХро│рпН..",tamil_english
"ро╡ро╛ро┤рпНроХрпНроХрпИроХрпНроХрпБ роХро▓рпНро╡ро┐ родрпЗро╡рпИропрпЗ родро╡ро┐ро░ роХро▓рпНро╡ро┐ропрпЗ ро╡ро╛ро┤рпНроХрпНроХрпИ роЗро▓рпНро▓рпИ
роЗродрпБ роХрогрпНроЯро┐рокрпНрокро╛роХ родро▒рпНроХрпКро▓рпИ  роЕро▓рпНро▓ +1 роЗро▓рпН 500роХрпНроХрпБ роорпЗро▓рпН роХрпНроХрпБ роорпЗро▓рпН роородро┐рокрпНрокрпЖрогрпН рокрпЖро▒рпНро▒
 рооро╛рогро╡ро┐ +2ро╡ро┐ро▓рпН рокроЯро┐рокрпНрокро┐ройрпН роЕро┤рпБродрпНродро╛ро▓рпН  родро▒рпНроХрпКро▓рпИ роЪрпЖропрпНроп
ро╡ро╛ропрпНрокрпНрокрпЗропро┐ро▓рпНро▓рпИ роХрогрпНроЯро┐рокрпНрокро╛роХ роХрпКро▓рпИроХрпНроХрпБ ро╡ро╛ропрпНрокрпНрокрпБ роЕродро┐роХроорпН роЙро│рпНро│родрпБ  рокро│рпНро│ро┐ропро┐ройрпН рокрпЖропро░рпН  роЪроХрпНродро┐  international school",tamil_english
Vaa thalaiva madan edhum neegale besta edhum sollunga... Fst schooll oor collage gu mbl not allowed pana sollunga neraya .. Peru maralam nalla irpanga  nalla life ((ipadiki indha mari  plbms ku idhu kuda oru reason tha bro... Rip sree madhi,tanglish
"родро┐роорпБроХ роиро▓рпНро▓ро╛роЪрпНроЪро┐ ро╡ро╛ро┤рпНроХ 
родро┐ро░рпБроЯро░рпНроХро│рпИ роЖроЯрпНроЪро┐ропро┐ро▓рпН роЗройрпНройрпБроорпН роОродрпНродройрпИ роХрпКро▓рпИроХро│рпН роироЯроХрпНроХрпБроорпЛ?родро┐ро░ро╛ро╡ро┐роЯ родрпЗроЪро┐роп роХроЯрпНроЪро┐роХро│рпИ роЖроЯрпНроЪро┐роХрпНроХрпБ роЕрооро░рпНродрпНродро┐роп роороХрпНроХро│рпЗ роТро░рпБ роиро▓рпНро▓ родро▓рпИро╡ройрпН роЗро░рпБроХрпНроХро┐ройрпНро▒ро╛ройрпН роиро╛роорпН родрооро┐ро┤ро░рпН роХроЯрпНроЪро┐ропро┐ройрпИ роЖроЯрпНроЪро┐ропро┐ро▓рпН роЕрооро░ ро╡рпИропрпБроЩрпНроХро│рпН рокроЯро┐родрпНрод роЗроЮрпИройро░рпНроХро│рпН роЙро│рпНро│ роХроЯрпНроЪро┐ NTK роЖродро░ро┐родрпНродрпБ роЖроЯрпНроЪро┐ропро┐ро▓рпН роТро░рпБродроЯро╡рпИ роЕрооро░ро╡рпИродрпНродрпБрокрпНрокро╛ро░рпБроЩрпНроХро│рпН роиро▓рпНро▓ родрооро┐ро┤роХроорпН рокро┐ро▒роХрпНроХрпБроорпН",tamil_english
"роЕро╡роЩрпНроХ роОройрпНройродрпБ роЪрпКройрпНройро╛роЩрпНроХ
роЗро╡роЩрпНроХ роЗройрпНройродрпБ роЪрпКройрпНройро╛роЩрпНроХ
роЪро░ро┐ роородройрпН роирпАроЩрпНроХ роЗродрокрпНрокродро┐ роОройрпНройро╛
роЪрпКро▓рпНро▒рпАроЩрпНроХ? роПродро╛ро╡родрпБ  роТро░рпБ sollution
роирпАроЩрпНроХ роЪрпКро▓рпНро▓рогрпБроорпН.роЖройро╛ роирпАроЩрпНроХ роЪрпКро▓рпНро▓ рооро╛роЯрпНроЯрпАроЩрпНроХ. роЪро░ро┐ роородройрпН роиро╛ройрпН роЪрпКро▓рпНро▓ро▒рпЗройрпН.
роТроЯрпНроЯрпБ роорпКродрпНрод родрооро┐ро┤рпН роиро╛роЯрпНро▓ роПройрпН
роЗроирпНродро┐ропро╛ро╡ро┐ро▓рпЗ рокро╛ро▓ро┐роп роХрпБро▒рпНро▒роЩрпНроХро│рпН
роироЯрокрпНрокродро▒рпНроХрпБ роХро╛ро░рогроорпН роОройрпНрой роОройрпНро▒рпБ роЖро░ро╛ропрпНроирпНродро╛ро▓рпН роТро┤рпБроХрпНроХроорпН роЗро▓рпНро▓ро╛родродрпЗ
роХро╛ро░рогроорпН. роЗродро▒рпНроХрпБ роОройрпНрой роЪрпЖропрпНропро▓ро╛роорпН.роОройрпНро▒ро╛ро▓рпН  роорпБродро▓рпН ро╡роХрпБрокрпНрокро┐ро▓ро┐ро░рпБроирпНродрпБ роорпБродро▓рпН  period роЯрпЗ
роиро▓рпНро▓рпКро┤рпБроХрпНроХроорпН роЪрпКро▓рпНро▓ро┐родрпНродро░ ро╡рпЗрогрпНроЯрпБроорпН.роиройрпНройрпЖро▒ро┐ роХродрпИроХро│рпИ
роЪрпКро▓рпНро▓ро┐ родро░ ро╡рпЗрогрпНроЯрпБроорпН. роЪро░ро┐родрпНродро┐ро░ роиро╛ропроХройрпН ро╡рпАро░ роЪро┐ро╡ро╛роЬро┐ропро╛роХ рооро╛ро▒ро┐ропродрпБ родро╛ройрпН родро╛ропро╛ро░рпН роЪрпКро▓рпНро▓ро┐ роХрпБроЯрпБродрпНрод роиройрпНройрпЖро▒ро┐ роХродрпИроХро│рпЗ роЖроХрпБроорпН. родрпЗроЪродрпНродро┐ройрпН родроирпНродрпИ роороХро╛родрпНрооро╛ роЖройродро▒рпНроХрпБ роХро╛ро░рогроорпН роЕро░ро┐роЪрпНроЪроирпНродро┐ро░ рокрпБро░ро╛рогроорпН роЖроХрпБроорпН.. родро╛рооро╕рпН роЖро▓рпНро╡ро╛ роОроЯро┐роЪройрпН рокроЯро┐рокрпНрокро┐ро▒рпНроХрпБ ро▓ро╛ропроХрпНроХрпБ роЗро▓рпНро▓ро╛родро╡ро░рпН роОройрпНро▒рпБ роЖроЪро┐ро░ро┐ропро░рпН роХрпВро▒ро┐ропродрпБроорпН родройрпН рокро┐ро│рпНро│рпИроХрпНроХрпБ рокро╛роЯроорпН роироЯродрпНрод роЖроЪро┐ро░ро┐ропро░рпН родро╛ройрпН ро▓ро╛ропроХрпНроХрпБ роЗро▓рпНро▓ро╛родро╡ро░рпН роОройрпНро▒рпБ рокро┐ройрпНройро╛ро▓ро┐ро▓рпН роЙрогро░рокрпНроЯрпНроЯродро┐ро░рпБроХрпНроХрпБ роХро╛ро░рогроорпН роЕро╡ро░рпН родро╛ропро┐ройрпН роЕройрпНрокро╛рой ро╡ро╛ро░рпНродрпНродрпИроХро│рпБроорпН родройрпНройро╛ро▓рпН роорпБроЯро┐ропрпБроорпН роОройрпНро▒ роироорпНрокро┐роХрпНроХрпИ роКроЯрпНроЯро▓рпБроорпЗ роХро╛ро░рогроорпН. роЗродрпИ роородройрпН роХрпМро░ро┐ роЙрогро░рпНроирпНродрпБ роЕроЯрпБродрпНрод рокродро┐ро╡ро┐ро▓рпН роиро▓рпНро▓рпКро┤рпБроХрпНроХроорпН ро╡рпЗрогрпНроЯрпБроорпН рооро╛рогро╡ро░рпНроХро│рпБроХрпНроХрпБ роОройрпНро▒ родро▓рпИрокрпНрокро┐ро▓рпН роХрпВро▒ ро╡рпЗрогрпНроЯрпБроорпНЁЯСНЁЯТЩЁЯЩП",tamil_english
роЕрокрпНрокроЯрпНроЯрооро╛роХ родрпЖро░ро┐роХро┐ро▒родрпБ роЗродрпБ родро▒рпНроХрпКро▓рпИ роЗро▓рпНро▓рпИ роХрпКро▓рпИродро╛ройрпН  роОройрпНро▒рпБ. рокро╛роЯроЪро╛ро▓рпИ CCTV footage рокро╛ро░рпНро╡рпИропро┐роЯроХрпНроХрпВроЯро╡ро╛ роорпБроЯро┐ропро╡ро┐ро▓рпНро▓рпИ. роЕродрпЖрокрпНрокроЯро┐ роорпБроХрпНроХро┐ропро╛рой роЗроЯродрпНродро┐ро▓рпН роироЯроХрпНроХрпБроорпН роХрпКро▓рпИроХро│рпН роЕройрпИродрпНродродрпБроорпН роироЯроХрпНроХрпБроорпН рокрпЛродрпБ роороЯрпНроЯрпБроорпН роХрпЗрооро░ро╛роХрпНроХро│рпН роЪрпЖропро▓рпНрокроЯро╛рооро▓рпН рокрпЛройродрпБ.,tamil_english
Porattam vellum ро╡ро░рпИ рокрпЛро░ро╛роЯрпБро╡рпЛроорпН роОроЩрпНроХро│рпБроХрпНроХрпБ роЖродро░ро╡рпБ родро╛ро░рпБроЩрпНроХро│рпН by Salem роирогрпНрокройрпН,tamil_english
"Yes роЪро░ро┐родро╛ройрпН
роорпБро▓рпНро▓рпИ роХрпКро▓рпИ",tamil_english
роТро░рпЗ ро╡рпАроЯро┐ропрпЛ родро╛ total ро╕рпНроХрпВро▓рпН um роХро╛ро▓ро┐ ЁЯТе,tamil_english
India 6 place ........ Yethkume Projanam Eillatha India ........ Govt ЁЯШдЁЯС┐ Sollave Theva Eilla Avunga Monthly Salary Nalla Vangittu Poranga ...... Kevalama Erukuuu Just 1 Step Eaduthuu Antha Scl Ahh Yarillam Anthan Ponnuku torture Kuduthangalla Avunga Eailaraum Saga Adikanum...... ЁЯС┐ЁЯС┐ЁЯС┐....... & Tq for Your Speeching Madan Anna ЁЯТФ,tanglish
"Yes bro...
роОройрпНройрпБроЯрпИроп рооройроиро┐ро▓рпИропрпБроорпН роЗродрпБродро╛ройрпН",tamil_english
Bro13 th than antha ponni madiyila iruthu keela vilunthu irukkuna 12 bakritha anaiku ethachum nadanthurukka vaiyppu роЗро░рпБроХрпНроХрпБ...,tamil_english
"роирогрпНрокро╛ роОройроХрпНроХрпБ роТро░рпБ роЪроирпНродрпЗроХроорпН роироородрпБ родроЩрпНроХрпИ ро╕рпНро░рпАроородро┐ роЕро╡ро░рпНроХро│рпН роОро┤рпБродро┐роп роХроЯро┐родродрпНродро┐ро▓рпН родройрпНройрпИ роЗро░рогрпНроЯрпБ роЖроЪро┐ро░ро┐ропро░рпНроХро│рпН роЪро┐родрпНродро┐ро░ро╡родрпИ роЪрпЖропрпНродродро╛ро▓рпН родро▒рпНроХрпКро▓рпИ роЪрпЖропрпНродрпБ роХрпКрогрпНроЯрпЗройрпН роОройрпНро▒рпБ роОро┤рпБродро┐роп ро╕рпНро░рпАроородро┐роХрпНроХрпБ, роЗроирпНрод роЗро░рогрпНроЯрпБ роЖроЪро┐ро░ро┐ропро░рпНроХро│рпН родро╛ройрпН роОройрпНро▒рпБ роОро┤рпБродродрпН родрпЖро░ро┐роирпНродро┐ро░рпБроХрпНроХро╛родро╛ роОройрпНрой? Justice for SrimathiЁЯШФЁЯШФЁЯШФЁЯШФ",tamil_english
"роЕроирпНрод рокро│рпНро│ро┐ рокрпЖропро░рпН shakti mtric рокро│рпНро│ро┐,. роЗро╡рпИ unmamai",tamil_english
тЩея╕ПPolimer news тЩея╕Пkku ро╡ро╛ро┤рпНродрпНродрпБроХрпНроХро│рпН,tamil_english
родроЯрпНроЯро┐ роХрпЗрокрпНрокрпЛроорпН ЁЯТп Justice for srimathi,tamil_english
роЗродрпБ рокрпЛройрпНро▒ роЪроорпНрокро╡роЩрпНроХро│рпН родрпКроЯро░рпНроирпНродрпБ роироЯроирпНродрпБроХрпКрогрпНроЯрпЗ роЙро│рпНро│родрпБ.родрпАро░рпНро╡рпБроХро│рпН роороЯрпНроЯрпБроорпН роХро┐роЯрпИрокрпНрокродро┐ро▓рпНро▓рпИ ЁЯШТродрогрпНроЯройрпИроХро│рпН роХроЯрпБроорпИропро╛ройро╛ро▓рпН роХрпБро▒рпНро▒роЩрпНроХро│рпН роХрпБро▒рпИропрпБроорпН... RIP SRIMATHI ЁЯШнрокрпЖрогрпНроХро│рпН ро╡рпЗро▒рпБ роОроЩрпНроХрпБ родро╛ройрпН рокрпЛро╡родрпБ,tamil_english
роХро│рпНро│роХрпНроХрпБро▒ро┐роЪрпНроЪро┐ рокро│рпНро│ро┐ропро┐ройрпН родро▓рпИро╡ро░рпН роЪроХрпНродро┐ ро░ро╡ро┐роХрпНроХрпБрооро╛ро░рпН роХро│рпНро│роХрпНроХрпБро▒ро┐роЪрпНроЪро┐ BJP ропро┐ройрпН роорогрпНроЯро▓ роЪрпЖропро▓ро╛ро│ро░рпН,tamil_english
Very level thalaтЭдЁЯШо,tanglish
MassтЭдЁЯШВthalaЁЯОЙЁЯШВтЭд,tanglish
That nalla pazhutturukku moment.ЁЯШБ VERA LEVEL.,tanglish
Super arumai nalla oru punniyam ЁЯШКЁЯШКЁЯШК,tanglish
Neenga seida unau periyawangalakku parimarum podu romba paniwodum mariyadayodum anda welayei pannaringa.....ongaludaya nalla manasakku eppawume nalla irippinga....god bless you.....na ilangail irandalum unga videos pakkarpodu nanum ungalodu irrukkaru madi feel agudu....en moli sinhala analum nan neenga pesaru molikku romba ishtam....тЭдтЭдтЭдтЭдтЭд,tanglish
Sanki роЕрогрпНрогро╛рооро▓рпИ,tamil_english
Bro English la роХрпАро┤ caption podunka,tamil_english
роЕроЪрпНроЪро╛ ро▓роХро╛ ро╡рпАроЯро┐ропрпЛ apk 11:27,tamil_english
"Bro роорпБро░рпБроХро╛ роЙроЩрпНроХро│рпБроХрпНроХрпБ родрпБрогрпИ first time Unga video watch pannura bro waterlemen video vara level 
роиро┐ро▒рпИ рокрпЗро░рпВроХрпНроХрпБ роорпБроХрпНроХро┐ропрооро╛роХ роЖродро░ро╡ро▒рпНро▒роХро│рпБроХрпНроХрпБ роЙрогро╡рпБ роирпАроЩрпНроХро│рпН ро╡ро┤роЩрпНроХ ро╡рпЗрогрпНроЯрпБроорпН. роТро╡рпНро╡рпКро░рпБ ро╡ро┐роЯро┐ропрпЛро╡ро┐ро▓рпН роирпАроЩрпНроХро│рпН роЪрпЖропрпНропрпБроорпН роЙродро╡ро┐ роЙро▓роХро┐ро▓рпН роЙропро░рооро╛рой рооро▓рпИропрпЗ ро╡ро┐роЯ роЙроЩрпНроХро│рпН роЙро┤рпИрокрпНрокрпБ роЙропро░рпНродрпНродрпБроорпН роиро┐роорпНроородро┐ропрпБроЯройрпН роТро▒рпНро▒рпБроорпИропро╛роХ роЗро░рпБроЩрпНроХро│рпН",tamil_english
роЙроЩрпНроХро│рпИ рокрпЛро▓ роиро╛ройрпБроорпН рокро┐ро▒ро░рпНроХрпБ роЙродро╡ро┐ роЪрпЖропрпНродрпБ ро╡ро╛ро┤ роЖроЪрпИ рокроЯрпБроХро┐ро▒рпЗройрпН God gifted for your blessings Anna & ayya,tamil_english
роЕроЯ роХро┐ро░рпБроХрпНроХрпБрокрпН рокропрокрпБро│рпНро│рпЗро│ро╛? роЪро┐ройрпНройрокрпНрокрпБро│рпНро│родрпНродройроорпНрооро╛. so sweet boys.тЭдтЭдтЭд,tamil_english
nalla otu tunungada badu,tanglish
nalla otu tunnaporum always welcomes u,tanglish
Hi Anna thattha super sapetom nalla erukkinkla,tanglish
роорпБродро▓ро┐ро▓ро┐ро░рпБроирпНродрпБ роХроЯрпИроЪро┐ ро╡ро░рпИ skip роЪрпЖропрпНропро╛рооро▓рпН рокро╛ро░рпНроХрпНроХрпБроорпН video,tamil_english
Neengal seitha iss romba suppar bro's athai neengal koduppath'amma appaakkala  eruppaourkku.тЭдтЭдтЭд neengal nalla irukkanum vaalga valamudan ЁЯОЙЁЯОЙЁЯОЙ.,tanglish
"рооро┐роХро╡рпБроорпН роЪрпБро╡рпИропро╛рой роРро╕рпН ЁЯШЛЁЯдд
Love from KARNATAKA ЁЯТЫтЭдя╕П",tamil_english
роЕропрпНропройро╛ро░рпН роЕрогрпНрогро╛ роирпАроЩрпНроХ роХро░рпБрокрпНрокроЯрпНроЯро┐ ice роЪро╛рокрпНрокро┐роЯро╡рпЗ роЗро▓рпНро▓... роЕрокрпНрокрпБро▒роорпН роОрокрпНрокроЯро┐ роЯрпЗро╕рпНроЯрпН рокродрпНродро┐ роЪрпКро▓рпНро▓рпБро▒рпАроЩрпНроХ...,tamil_english
"Iindha madhiri samugasavai seiravangala iindha jenmathula earth muluvathum thedunakhoda kidaikka mattanga


родро▓рпИро╡ро╛",tamil_english
Wow super ро╡рпЗро▒ level ЁЯЩПЁЯП╗ЁЯЩПЁЯП╗ЁЯЩПЁЯП╗ЁЯШГЁЯШГЁЯШГЁЯШГЁЯеЭЁЯНЙЁЯНЙЁЯНж,tamil_english
Ffр╖Жр╖Кр╢Ьр╖Кр╢Ър╖КроХрпНрокрпНрокрпНроЪрпНроХрпНроХрпНрокрпНр╖Жр╖Кр╖Жр╖Кр╢Ьр╖Кр╖Жр╖Кр╢Ър╖КрокрпНроХрпНрокрпНроХрпНрокрпНрокрпН,tamil_english
Mm mm mm nalla resam und ЁЯШЛ,tanglish
Nalla sapparinga da,tanglish
Vera level thala,tanglish
роХрпКропрпНропро╛ рокро┤роорпН missing i,tamil_english
Ayyanar nalla thinnura.ana katha pesura,tanglish
"Vaalga valamudan. 
Vaalga роЙроЩрпНроХро│рпН рокрпКродрпБ роиро▓ роЪрпЗро╡рпИ тЭдЁЯШК",tamil_english
Super nalla sapadre,tanglish
Thala,tanglish
Palap pazham рокрпЛроЯро╡ро┐ро▓рпНро▓рпИ,tamil_english
colourful a iruku sila palam enake name theriyala greandpa nalla ЁЯСМsolraru ЁЯСМтЭдя╕ПЁЯШН,tanglish
Good morning тШАя╕П Anna  ungada Nalla manasukku annada valtukkal colour full salad ЁЯеЧ really nice ЁЯСНЁЯШН Nan Sri Lanka fazeena fazly,tanglish
Ur cleaning super sir,tanglish
рооройродро┐ро▓рпН рокроЯрпНроЯродрпИ роЪрпЖропрпНродрпБ famous роЖроХро┐ройрпНро▒ роХро╛ро░ро┐ропроорпН,tamil_english
"Iyya where is  jackfruit ЁЯНИ
роРропро╛ рокро▓ро╛рокрпНрокро┤роорпН роОроЩрпНроХ ?.",tamil_english
"Iy─Уcu uс╣Еkaс╕╖ai mikavum n─Уcikkiс╣Я─Бr eс╣Йpatai aс╣Яintu koс╕╖с╕╖uс╣Еkaс╕╖, avarait t─Ус╣нuс╣Еkaс╕╖, n─лс╣Еkaс╕╖ avaraik kaс╣Зс╣нupiс╣нipp─лrkaс╕╖, avar oru nalla tantai, avarait tavira v─Ус╣Яu kaс╣нavuс╕╖ illai, avaruс╣нaiya makkaс╕╖iс╣Й pukaс╕╗ccikaс╕╖il v─Ус╣Яu enta kaс╣нavuс╕╖ v─Бс╕╗kiс╣Я─Бr? Allatu avarkaс╕╖ukkuс╕╖с╕╖─Уy─У taс╣Еki, avarkaс╕╖ai orup┼Нtum viс╣нс╣нuviс╣нam─Бс╣нс╣н─Ус╣Й allatu kaiviс╣нam─Бс╣нс╣н─Ус╣Й eс╣Йс╣Яu uс╣Яutiyaс╕╖ikkiс╣Я─Бrkaс╕╖─Б? Uс╣Еkaс╕╖ p─Бvaс╣Еkaс╕╖ukk─Бka ciluvaiyil marittu narakattaiyum maraс╣Зattaiyum kallaс╣Яaiyaiyum t┼Нс╣Яkaс╣нittu 3vatu n─Бс╕╖il uyirtteс╕╗unta israv─Уliс╣Й kaс╣нavuс╕╖ait tavira v─Ус╣Яu kaс╣нavuс╕╖ illai. N─лс╣Еkaс╕╖ ceyya v─Ус╣Зс╣нiyatu ell─Бm uс╣Еkaс╕╖ v─Бy─Бl oppukkoс╣Зс╣нu, iy─Уcuvai ─Бс╣Зс╣нavar eс╣Йс╣Яu uс╣Еkaс╕╖ itayattil nampuс╣Еkaс╕╖, uс╣Еkaс╕╖ p─Бvaс╣Еkaс╕╖ai avariс╣нam varuntuс╣Еkaс╕╖, avar uс╣Еkaс╕╖ai vacippiс╣нuv─Бr, uс╣Еkaс╕╖ ell─Б p─Бvaс╣Еkaс╕╖aiyum maс╣Йс╣Йipp─Бr, n─лс╣Еkaс╕╖ iraс╣нcikkappaс╣нuv─лrkaс╕╖, uс╣Еkaс╕╖uс╣нaс╣Й nittiyattai celaviс╣нuv─лrkaс╕╖, atut─Бс╣Й. Itu uс╣Еkaс╕╖ukku ilavaca paricu. Kaс╣нavuс╕╖ uс╣Еkaс╕╖ai ─Бc─лrvatittu, k─Бttu, avaruс╣нaiya mukattai uс╣Еkaс╕╖ m─лtu pirak─Бcikkavum, iy─Уcuviс╣Й n─Бmattil uс╣Еkaс╕╖ukku kirupai ceyyavum n─Бс╣Й jepikkiс╣Я─Ус╣Й, ─Бmeс╣Й. ЁЯТХN─Бс╣Й uс╣Йс╣Йai n─Уcikkiс╣Я─Ус╣Й, iy─Уcuvum uс╣Йс╣Йai n─Уcikkiс╣Я─Бr.",tanglish
родро╛родрпНродро╛ роЙроЩрпНроХро│рпН mobile number ро╡рпЗрогрпНроЯрпБроорпН. роиро╛ройрпН родро┐ро░рпБроЪрпНроЪро┐ропро┐ро▓рпН роТро░рпБ рокро┐ро░рокро▓ роХро▓рпНро▓рпВро░ро┐ропро┐ро▓рпН рокрпЗро░ро╛роЪро┐ро░ро┐ропро░ро╛роХ  рокрогро┐ропро╛ро▒рпНро▒ро┐ ро╡ро░рпБроХро┐ро▒рпЗройрпН.,tamil_english
Strawberry -  рокрпБро│ро┐рокрпНрокрпБ рокро┤роорпНЁЯШВЁЯШВЁЯШВЁЯШВЁЯШВЁЯШВЁЯШВ,tamil_english
nalla otu tunrom vanga always welcomes you,tanglish
"I am from Firozabad Uttar Pradesh. We always watch your videos. Love from Firozabad (The Glass City)

роЙроЩрпНроХро│рпН роЕройрпИро╡ро░рпБроХрпНроХрпБроорпН роОроЩрпНроХро│ро┐ройрпН роЕройрпНрокрпБроорпН ро╡ро╛ро┤рпНродрпНродрпБроХро│рпБроорпН, роиро╛роЩрпНроХро│рпН роОрокрпНрокрпЛродрпБроорпН роЙроЩрпНроХро│рпН ро╡рпАроЯро┐ропрпЛроХрпНроХро│рпИ рокро╛ро░рпНроХрпНроХро┐ро▒рпЛроорпН, роорпАрогрпНроЯрпБроорпН роорпАрогрпНроЯрпБроорпН рокро╛ро░рпНроХрпНроХро┐ро▒рпЛроорпН. роХрогрпНрогро╛роЯро┐ ро╡ро│рпИропро▓рпНроХро│рпН рооро▒рпНро▒рпБроорпН роХрогрпНрогро╛роЯро┐рокрпН рокрпКро░рпБроЯрпНроХро│рпБроХрпНроХрпБрокрпН рокрпЖропро░рпН рокрпЖро▒рпНро▒ роЙродрпНродро┐ро░рокрпНрокро┐ро░родрпЗроЪ роГрокро┐ро░рпЛроЪро╛рокро╛родрпН роироХро░ро╡ро╛роЪро┐роХро│рпН роиро╛роЩрпНроХро│рпН.
ЁЯШКЁЯШКЁЯШКЁЯШКЁЯШКЁЯе░ЁЯе░ЁЯе░ЁЯе░ЁЯе░",tamil_english
"роЖро▓рпН роЗро╕рпН ро╡рпЗро▓роХроорпНро╕рпН ропрпВройрпНройрпБ роЪрпЖро▓рпНро▓ро╛родрпАроЩрпНроХ (ALL IS WELCOMES YOU)

роЖро▓рпН роЖро░рпН ро╡рпЗро▓рпНроХроорпНро╕рпН ропрпВройрпНройрпБ роЪрпЖро▓рпНро▓рпБроЩрпНроХ (ALL ARE WELCOMES YOU)",tamil_english
nalla otu tunrom vanga always welcomes you,tanglish
"I am from Firozabad Uttar Pradesh. We always watch your videos. Love from Firozabad (The Glass City)

роЙроЩрпНроХро│рпН роЕройрпИро╡ро░рпБроХрпНроХрпБроорпН роОроЩрпНроХро│ро┐ройрпН роЕройрпНрокрпБроорпН ро╡ро╛ро┤рпНродрпНродрпБроХро│рпБроорпН, роиро╛роЩрпНроХро│рпН роОрокрпНрокрпЛродрпБроорпН роЙроЩрпНроХро│рпН ро╡рпАроЯро┐ропрпЛроХрпНроХро│рпИ рокро╛ро░рпНроХрпНроХро┐ро▒рпЛроорпН, роорпАрогрпНроЯрпБроорпН роорпАрогрпНроЯрпБроорпН рокро╛ро░рпНроХрпНроХро┐ро▒рпЛроорпН. роХрогрпНрогро╛роЯро┐ ро╡ро│рпИропро▓рпНроХро│рпН рооро▒рпНро▒рпБроорпН роХрогрпНрогро╛роЯро┐рокрпН рокрпКро░рпБроЯрпНроХро│рпБроХрпНроХрпБрокрпН рокрпЖропро░рпН рокрпЖро▒рпНро▒ роЙродрпНродро┐ро░рокрпНрокро┐ро░родрпЗроЪ роГрокро┐ро░рпЛроЪро╛рокро╛родрпН роироХро░ро╡ро╛роЪро┐роХро│рпН роиро╛роЩрпНроХро│рпН.
ЁЯШКЁЯШКЁЯШКЁЯШКЁЯШКЁЯе░ЁЯе░ЁЯе░ЁЯе░ЁЯе░",tamil_english
"роЖро▓рпН роЗро╕рпН ро╡рпЗро▓роХроорпНро╕рпН ропрпВройрпНройрпБ роЪрпЖро▓рпНро▓ро╛родрпАроЩрпНроХ (ALL IS WELCOMES YOU)

роЖро▓рпН роЖро░рпН ро╡рпЗро▓рпНроХроорпНро╕рпН ропрпВройрпНройрпБ роЪрпЖро▓рпНро▓рпБроЩрпНроХ (ALL ARE WELCOMES YOU)",tamil_english
Anna ongada kaiku kavar onnu pottu samayal pannena nalla irukkum,tanglish
Hai kulos pottu samaiyal pannuga innu nalla irukkuЁЯШВ,tanglish
Super sir ЁЯСМ,tanglish
роРропройро╛ро░рпН роЕрогрпНрогро╛ рооро▒рпНро▒ роЕрогрпНрогройрпНрооро╛ро░рпНроХро│рпН родро╛родрпНродро╛ ро╡ропродро╛рой роорпБродро┐ропрпЛро░рпБроХрпНроХрпБроорпН роЕройро╛родрпИ роХрпБро┤роирпНродрпИроХро│рпБроХрпНроХрпБроорпН роЙрогро╡ро│ро┐родрпНродрпБ роХроЯро╡рпБро│рпН роиро┐ро▓рпИроХрпНроХрпБ роЙропро░рпНроирпНродрпБ ро╡ро┐роЯрпНроЯро╛ро░рпНроХро│рпН I love village cooking channel ЁЯЩПЁЯП╗ЁЯЩПЁЯП╗ЁЯЩПЁЯП╗ЁЯЩПЁЯП╗тЭдя╕ПтЭдя╕ПтЭдя╕П,tamil_english
роОройроХрпНроХрпБ village cooking channel ро░рпКроорпНрок рокро┐роЯро┐родрпНродрпБ роЙро│рпНро│родрпБ daily роЙроЩрпНроХро│рпН ро╡рпАроЯро┐ропрпЛро╡рпИ ро╡ро┐ро░рпБроорпНрокро┐ рокро╛ро░рпНрокрпНрокрпЗройрпН,tamil_english
"роОрокрпНрокрпЛ рокро╛ро░рпНродрпНродро╛ро▓рпБроорпН роОродрпНродройрпИ роорпБро▒рпИ рокро╛ро░рпНродрпНродро╛ро▓рпБроорпН роЪро▓ро┐роХрпНроХро╛род роТро░рпБ channel роОройрпНро▒ро╛ро▓рпН роЕродрпБ Village cooking channelтЭд  родро╛ройрпН

роЗро▓роЩрпНроХрпИропро┐ро▓рпН роЗро░рпБроирпНродрпБ ЁЯЗ▒ЁЯЗ░",tamil_english
Best Cooking Channel of in роирпАро▓роХро┐ро░ро┐ роирпЗро░рпНроорпИропрой роЪроорпИропро▓рпН Chife роирпАроЩрпНроХро│рпНродро╛ройрпН роЕрогрпНрогроЩрпНроХро▓,tamil_english
роТройрпНро▓ро┐ youtube роороЯрпНроЯрпБроорпНродро╛ройро╛ роЗро▓рпНро▓ ро╡рпАроЯрпНро▓ роОродрпБро╡рпБроорпН ро╡ро┐роЪрпЗро╖роорпН роОро▓рпНро▓ро╛роорпН ро╡роирпНродрпБ роЪроорпИроЪрпНроЪрпБ родро░рпБро╡рпАроЩрпНроХро│ро╛ роОройрпНройройрпНройрпБ рокро╛родрпНродрпБроЯрпНроЯрпБ роорпЖроЪрпЗроЬрпН рокрогрпНрогрпБроЩрпНроХ роЙроЩрпНроХ роироорпНрокро░рпН роЕройрпБрокрпНрокрпБроЩрпНроХ роТро░рпБ рокрпЖро░ро┐роп ро╡ро┐роЪрпЗро╖роорпН роЗро░рпБроХрпНроХрпБ рокрпЖро░рпБроЪро╛ роЪроорпИроХрпНроХрогрпБроорпН рокродро┐ро▓рпН роЪрпКро▓рпНро▓рпБроЩрпНроХ роЗро▓рпНро▓ройро╛ роироорпНрокро░рпН роЕройрпБрокрпНрокрпБроЩрпНроХ,tamil_english
Super   brother s   роЗродрпЗ   рокрпЛро▓рпН  роиро┐ро▒рпИроп   ро╡рпАроЯро┐ропрпЛ    рокрпЛроЯрпБроЩрпНроХ,tamil_english
Hiii Bro...тЭд  I'm Work in Europe... ро░рпКроорпНрок рокрпБроЯро┐роХрпНроХрпБроорпН роЙроЩрпНроХ  Vlogs lam... рокроЪро┐ роОроЯрпБроХрпНроХро▓ройрпНройро╛ Village Cooking Channel рокро╛родрпНродро╛ рокрпЛродрпБроорпН... роОройроХрпНроХрпБ рокропроЩрпНроХро░рооро╛ рокроЪро┐ роОроЯрпБродрпНродрпБро░рпБроорпН... ЁЯШД My native Aranthangi pakkam than Pattukkottai...I will meet you all one day...ЁЯШК,tamil_english
Naan intha video vai 2024 December month romba nalla irukku unga yella vidioum. All the best.innum nalla nalla video podunga,tanglish
ЁЯШв Nalla Rike  Odisha paya,tanglish
Neenga nalla irupeenga ithana peruku sappadu podreenga. Athu than perusu,tanglish
4 varum munjeila oru santhosam + thatha unmaiela supper oru selar munjeiya sulicchuruvanga nenga thatha ku nalla corporate pandrega bro very supper,tanglish
Eillarum nalla veli seirega bro nenga 4 varum + thatha supper тЭд,tanglish
роХрпЗрооро░ро╛ роорпЗройрпН роЕрогрпНрогро╛ роирпАроЩрпНроХро│рпБроорпН роЪро╛рокрпНрокро┐роЯро▒род роиро╛роЩрпНроХро│рпБроорпН рокро╛ро░рпНроХрпНроХройрпБроорпН  please ЁЯЩП,tamil_english
роЙроЩрпНроХро│рпБроХрпНроХрпБ роОроирпНрод роКро░рпБ bro,tamil_english
Super sir  street peoples ki food supply cheyyadam really so great sir,tanglish
роЗро╡рпНро│ро╡рпБ роЪроорпИропро▓рпБроХрпНроХрпБроорпН роороЪро╛ро▓ро╛ роЕро░роЪрпНроЪ роРропройро╛ро░рпН роТро░рпБ like.родрпЖро░ро┐ропро╛рой родроЯрокрпБроЯро▓ро╛рой роЪро╛рокрпНрокро╛роЯрпБ.роЕро░рпБроорпИ.ро╡ро╛ро┤рпНродрпНродрпБроХрпНроХро│рпН родроорпНрокро┐роХро│ро╛!тЭдтЭдтЭдтЭдтЭд,tamil_english
"роиро╛ройрпН роЗроЩрпНроХрпБ ро╡роирпНродрпБ роЙроЩрпНроХро│рпН роЗроЯродрпНродро┐ро▓рпН роЪро╛рокрпНрокро┐роЯ ро╡ро┐ро░рпБроорпНрокрпБроХро┐ро▒рпЗройрпН

N─Бс╣Й iс╣Еku vantu uс╣Еkaс╕╖ iс╣нattil c─Бppiс╣нa virumpukiс╣Я─Ус╣Й",tamil_english
Neenga romba naaalikki nalla iruppinga thala ЁЯТпЁЯдЭЁЯСНЁЯЩП,tanglish
ЁЯТХ роЪрпЖроорпНроорпИропро╛ роЪроорпИроХрпНроХро┐ро▒рпЛроорпН рокропроЩрпНроХро░рооро╛ ро░рпБроЪро┐роХрпНроХро┐ро▒рпЛроорпН роЗройрпНройрпИроХрпНроХрпБ роТро░рпБ рокро┐роЯро┐ роОро▓рпНро▓ро╛ро░рпБроорпН ро╡ро╛роЩрпНроХ Always Welcomes You роороЩрпНроХро│роХро░рооро╛ роороЮрпНроЪро│рпНро▓ роЖро░роорпНрокро┐рокрпНрокрпЛроорпН ЁЯТХ,tamil_english
Nalla manam sir ungalukku Ivan seetharaman,tanglish
Bro nalla araikurenga amme kallula.ЁЯСМ,tanglish
"Nice recipe, super sir",tanglish
роЕрогрпНрогро╛ рооро╛роЯрпНроЯрпБроХро░ро┐ роЪро╛ро▓рпНройро╛ роЪрпЖропрпНроЩрпНроХ pls,tamil_english
Entha channeloda sirappe kadaiseela avangalukku neenga saappadu podurathuthan neenga nalla erukkanum vaalththuhal,tanglish
роЕроорпНрооро┐ роХро▓рпН роЕропрпНропройро╛ро░рпН роЕрогрпНрогро╛ fans ропро╛ро░рпБ ЁЯЩЛЁЯП╗тАНтЩВя╕ПЁЯЩЛЁЯП╗тАНтЩВя╕ПЁЯЩЛЁЯП╗тАНтЩВя╕П,tamil_english
родропро╡рпБ subscribe ЁЯФФ,tamil_english
"роРропро╛ ро╡рогроХрпНроХроорпН
роЗроирпНрод ро╡ро┐ро░рпБроирпНродрпБ роОройродрпБ роКро░рпН роЪрпЗро▓роорпН 
роЪрпЖропрпНроп роорпБроЯро┐ропрпБрооро╛
роЙроЩрпНроХро│рпН ро░роЪро┐роХройрпН
GAVASKAR

How to contact you
Need your address or contact information



GAVASKAR Maths expert from Salem",tamil_english
Super sir.wonderful work,tanglish
роЙроЩрпНроХ роЪро╛рокрпНрокро╛роЯрпБ рокро╛роХрпНроХрпБро▒ рокрпЛродрпЗ рокроЪро┐ ро╡ро░рпБродрпБ  very nice ЁЯСМ,tamil_english
Bro роЙроЩрпНроХ роКро░рпН роОройрпНрой роКро░рпН bro,tamil_english
Super sir,tanglish
Super sir excellent,tanglish
Nalla samalupan nalla samayal panduranga channel ЁЯСМЁЯСМЁЯСМЁЯСН,tanglish
Ayyanaar & team nalla irukeengala always welcome our channel,tanglish
